wedding_id,verdict,current,cluster,crm_source,legacy_source,cluster_source_signals,cluster_all_signals,inquiry_date
c9ff7e14-0b09-40bb-9c37-5a6d6c4f8e49,chain_wins,"direct","","","venue_calculator",0,0,"2026-03-30T20:25:00+00:00"
8ad733e7-8b28-41d3-a593-68848e687655,chain_wins,"website","","web_form","website",0,1,"2025-07-31T00:00:00+00:00"
21af385e-b823-4b11-a012-b34cd7c6a82d,agree,"the_knot","the_knot","","the_knot",6,6,"2026-03-24T20:31:22+00:00"
f65def74-47b7-4543-976a-3c136079c20e,agree,"the_knot","the_knot","","website",1,1,"2026-04-19T07:46:56+00:00"
ef2798ab-6e0f-40ac-acf9-45f47bb0f4f8,agree,"the_knot","the_knot","","website",2,2,"2026-04-17T10:38:28+00:00"
411f75fe-27c3-4738-8e3b-e532e0b1d853,agree,"the_knot","the_knot","","the_knot",2,2,"2026-04-17T16:18:10+00:00"
ac399a31-ffbf-4ecc-b959-82a81fa21c5a,cluster_finds_real_source,"calendly","the_knot","","website",2,3,"2026-03-29T22:40:25+00:00"
832b4512-fd90-4666-b89f-794ea1d31b71,agree,"the_knot","the_knot","","the_knot",3,3,"2026-04-09T16:56:05+00:00"
1433f5a3-9f8b-4f82-b5b9-e0597c9349d4,agree,"the_knot","the_knot","","the_knot",2,2,"2026-04-06T23:22:02+00:00"
76452f3a-14f9-4cdf-9461-aba50f03b5d5,chain_wins,"honeybook","","honeybook","honeybook",0,0,"2026-04-27T21:03:41+00:00"
7a04da00-ec23-421b-87e8-cdbdeff73cd5,chain_wins,"honeybook","","honeybook","honeybook",0,0,"2024-11-22T12:53:03+00:00"
d80c793f-445b-4c0c-8ca2-4be9c4bbf1e8,chain_wins,"honeybook","","honeybook","honeybook",0,0,"2024-05-12T00:14:43+00:00"
7ce290c1-4360-440c-8a15-e174a5662df8,both_null,"","","generic_csv","",0,0,"2025-07-25T16:56:00+00:00"
e2997d7f-7c1b-45c1-b866-4f4ea51ba5ce,agree,"the_knot","the_knot","","the_knot",6,6,"2026-03-24T03:55:32+00:00"
b4aa66fd-bb07-4a1b-aa23-0b11f3a2a3de,agree,"the_knot","the_knot","","the_knot",4,4,"2026-04-13T04:41:04+00:00"
1f65c191-2f93-4f3f-bb4d-0120bc4d05a9,agree,"the_knot","the_knot","","the_knot",3,3,"2026-04-09T19:06:54+00:00"
189ee317-a872-4f68-932b-ff790365a40b,disagree_specific_value,"weddingwire","wedding_wire","","wedding_wire",2,2,"2026-03-30T22:31:02+00:00"
a9579f33-cf3e-4393-a68d-b468f889c8bf,agree,"the_knot","the_knot","","the_knot",4,4,"2026-03-09T19:12:57+00:00"
c0126e68-9a0c-416c-8ed9-55531da2d03c,chain_wins,"direct","","","venue_calculator",0,0,"2026-04-06T16:43:56+00:00"
f61b3a36-4fb6-4b0c-997f-b50014eae3aa,chain_wins,"honeybook","","honeybook","honeybook",0,0,"2026-05-01T11:07:58+00:00"
278c6948-6f1f-4100-be55-d99e2d922536,agree,"the_knot","the_knot","","the_knot",7,7,"2026-03-21T13:36:11+00:00"
4b2f266d-7ccf-4c1b-b36a-ca4e32730cb4,chain_wins,"direct","","","venue_calculator",0,0,"2026-03-30T23:18:35+00:00"
557dc8ee-9a76-48f2-bf1e-42651b875c7b,agree,"the_knot","the_knot","","the_knot",3,3,"2026-03-15T12:47:22+00:00"
969862fa-0d38-4951-85da-f3b8b76577b7,agree,"the_knot","the_knot","","the_knot",4,4,"2026-03-21T01:23:13+00:00"
76cd613f-fc6f-4b85-849f-c70a31947933,chain_wins,"calendly","","","",0,1,"2026-02-15T17:18:10+00:00"
cc56c44d-d7b4-4bdd-85d7-8991b15bff7f,agree,"the_knot","the_knot","","the_knot",1,1,"2026-03-06T16:47:43+00:00"
d0f0c74f-12a5-4dcb-921d-2c7c84dd4bbd,agree,"the_knot","the_knot","","the_knot",8,8,"2026-02-08T18:26:40+00:00"
f9dfe1cd-ee13-49f4-a641-fe072cda7357,agree,"the_knot","the_knot","","the_knot",4,4,"2026-01-28T01:34:41+00:00"
43edc1e4-26d3-4f98-b670-da16dbd603a3,agree,"the_knot","the_knot","","the_knot",3,3,"2026-04-23T19:35:13.915+00:00"
75afea0f-c9c8-4416-90db-3620f78ca9a6,chain_wins,"website","","","website",0,0,"2026-04-20T17:11:53+00:00"
5c0fb5e0-d20b-4ba5-8216-119e2859b792,agree,"the_knot","the_knot","","website",1,1,"2026-04-22T22:06:41+00:00"
93f72d18-89ca-4f87-9299-46cabaea67d9,agree,"the_knot","the_knot","","the_knot",3,3,"2026-04-11T11:59:39+00:00"
71415809-2fe4-4929-8331-9a739b3de7cb,agree,"the_knot","the_knot","","the_knot",1,1,"2026-03-15T21:59:03+00:00"
3d78083c-dade-47ed-b81b-6b0e068c791d,agree,"the_knot","the_knot","","the_knot",3,3,"2026-03-16T23:49:01+00:00"
305f57b3-b311-44fa-bdad-0a5e32bbeb9b,cluster_finds_real_source,"calendly","the_knot","","",1,3,"2026-03-23T23:55:47+00:00"
369eda8a-07e9-4d2f-84be-a3dfb1adbc09,chain_wins,"website","","","website",0,0,"2026-04-19T05:51:59+00:00"
ff481598-fca1-401f-bb53-4e2f2c720403,agree,"the_knot","the_knot","","the_knot",2,2,"2026-03-11T17:03:29+00:00"
4290f51b-d657-4d6a-ac3c-ecc0db139f7f,agree,"the_knot","the_knot","","the_knot",3,3,"2026-03-10T04:13:19+00:00"
dc8ef8bc-d931-4f3d-9f9b-6325765574d2,agree,"the_knot","the_knot","","the_knot",6,10,"2026-02-11T03:54:59+00:00"
86c8d23b-7c79-496d-8010-0332d76cbd07,chain_wins,"website","","","website",0,0,"2026-04-19T01:24:07+00:00"
9bee6bd1-f108-4e1f-afec-941f9a460083,agree,"the_knot","the_knot","","the_knot",2,2,"2026-03-02T06:41:23+00:00"
1a6eafed-57ff-4b4a-8314-f5f61ed24a57,agree,"the_knot","the_knot","","the_knot",2,2,"2026-02-27T01:41:02+00:00"
7e7d85dd-a581-4264-96c0-e32f990ab400,agree,"the_knot","the_knot","","the_knot",1,2,"2026-03-07T15:50:37+00:00"
0c3c7278-cd59-4b98-a7fa-37c08c12bb41,agree,"the_knot","the_knot","","the_knot",3,3,"2026-02-26T19:57:56+00:00"
60996a8e-30a5-4dd9-9982-4e24fd5b45c4,agree,"the_knot","the_knot","","the_knot",2,2,"2026-02-22T19:37:00+00:00"
d77bd020-e2f0-4960-b46f-a4c1b7c43166,agree,"the_knot","the_knot","","the_knot",3,3,"2026-02-21T22:58:07+00:00"
3bb34a8e-7ee8-423a-8cb3-32549041eeff,agree,"the_knot","the_knot","","the_knot",3,3,"2026-02-17T21:58:18+00:00"
9a35934e-8a0f-46f0-ba84-275a205d532a,agree,"the_knot","the_knot","","the_knot",3,3,"2026-03-08T20:41:15+00:00"
0e7f1b05-c2a7-4335-b15c-ce5750551509,agree,"the_knot","the_knot","","the_knot",5,5,"2026-02-04T00:14:48+00:00"
cdbf04d3-8fdd-458f-a7dc-dad69982c0e1,agree,"the_knot","the_knot","","the_knot",5,5,"2026-02-14T18:21:45+00:00"
ed30f243-b49c-4b82-8381-c85d15ec79c9,agree,"the_knot","the_knot","","the_knot",3,3,"2026-02-08T20:32:44+00:00"
ae6ae902-66ae-4480-b4bb-044a444fcdda,chain_wins,"calendly","","","",0,1,"2026-02-08T18:38:57+00:00"
76b7b4fd-8a0a-4434-850b-032551b1f96b,agree,"the_knot","the_knot","","the_knot",6,6,"2026-03-03T17:21:59+00:00"
a46ff481-1338-4bd5-a32a-2f894a151824,chain_wins,"direct","","","venue_calculator",0,0,"2026-05-03T03:15:51+00:00"
6f04cd9e-b5a3-4c97-ab0c-5f83667bc3e1,agree,"the_knot","the_knot","","the_knot",1,1,"2026-04-23T21:25:03.842+00:00"
a808e29b-74e9-4594-a1b9-5ac23158d9e3,agree,"the_knot","the_knot","","the_knot",4,4,"2026-02-08T20:53:26+00:00"
cd16129c-3357-492a-8ca6-1a4b92c329f2,agree,"the_knot","the_knot","","the_knot",6,6,"2026-02-01T20:37:39+00:00"
d5cde463-7c14-4449-a535-7fab9c3830dc,chain_wins,"website","","web_form","website",0,4,"2026-03-17T00:00:00+00:00"
96c35029-addb-41be-b888-840a3c5028d8,chain_wins,"calendly","","","website",0,1,"2026-04-19T18:12:28+00:00"
46576e3a-6b78-4fab-a93a-2924d85c7887,agree,"the_knot","the_knot","","the_knot",1,1,"2026-03-25T15:07:52+00:00"
00073a6f-7c8a-4a44-86d6-ee9af5534901,agree,"the_knot","the_knot","","the_knot",2,2,"2026-03-20T19:31:44+00:00"
783d3b2b-34c2-4a6d-ae8d-caeeb659e66e,agree,"the_knot","the_knot","","the_knot",3,3,"2026-03-08T14:27:18+00:00"
ffac314c-7545-4f28-8b5b-b126182e8ad1,agree,"the_knot","the_knot","","the_knot",2,2,"2026-03-05T14:49:13+00:00"
13d697d0-5465-4668-b910-300261c19089,agree,"the_knot","the_knot","","the_knot",3,3,"2026-03-21T06:00:10+00:00"
3b8f15f3-b571-4a57-92c4-1b91a1a81338,agree,"the_knot","the_knot","","the_knot",1,1,"2026-03-02T15:55:21+00:00"
11d9f538-7f4f-4a4c-98d7-7c28643fba52,agree,"the_knot","the_knot","","the_knot",3,3,"2026-02-15T01:46:32+00:00"
b70d6983-d254-4502-aec5-b3617b9f7f34,agree,"the_knot","the_knot","","the_knot",4,4,"2026-03-02T12:55:29+00:00"
3532369e-c1d3-48e4-82a9-0ef76aadaba2,agree,"the_knot","the_knot","","the_knot",2,2,"2026-03-18T19:26:49+00:00"
4308b96d-a41e-4b1f-bee4-b3062acd86bf,agree,"the_knot","the_knot","","the_knot",6,6,"2026-02-28T14:16:02+00:00"
b8681b1c-423b-407f-99b8-b008b5ff9646,agree,"the_knot","the_knot","","the_knot",2,2,"2026-02-21T19:37:18+00:00"
4134f3be-a0cc-4198-a20c-6ac3c4972ec0,agree,"the_knot","the_knot","","the_knot",3,3,"2026-02-22T20:03:59+00:00"
64f21ea7-2707-4eb8-bcbc-379d3f239a85,agree,"the_knot","the_knot","","the_knot",4,4,"2026-02-06T16:01:10+00:00"
ea91cbb7-1fde-4bad-982e-b9345d9cfbce,agree,"the_knot","the_knot","","the_knot",1,1,"2026-02-17T20:01:45+00:00"
57bf0941-f57c-49b7-a06b-13e6e66686eb,agree,"the_knot","the_knot","","the_knot",6,6,"2026-02-13T17:04:54+00:00"
573b1d01-27e6-44d6-b705-466efa98ebe0,agree,"the_knot","the_knot","","the_knot",5,5,"2026-02-11T03:20:16+00:00"
455e169a-8a15-40e4-a801-e668e28304e9,agree,"the_knot","the_knot","","the_knot",6,6,"2026-03-10T04:24:13+00:00"
ebc4b799-b3bd-4e93-9b37-4f8e26c50d64,agree,"the_knot","the_knot","","the_knot",6,6,"2026-02-05T18:56:52+00:00"
449191ae-95fa-4fbe-922b-3fc4d4c3ea05,agree,"the_knot","the_knot","","the_knot",3,3,"2026-04-09T22:59:14+00:00"
42b9c602-8e78-499f-8dfc-787cc13b8244,agree,"the_knot","the_knot","","the_knot",2,2,"2026-04-21T15:44:08+00:00"
a5ad7c01-dc44-42ad-9ce5-574e8e3bf6b8,agree,"the_knot","the_knot","","the_knot",17,17,"2026-03-06T02:31:50+00:00"
7e3e261c-ceed-4107-aa3f-92be5a0754a6,chain_wins,"website","","web_form","website",0,1,"2026-01-12T00:00:00+00:00"
e6245905-dfbf-424a-bae0-e75aa2e2053a,agree,"the_knot","the_knot","","the_knot",1,1,"2026-04-27T19:23:59+00:00"
04574b1b-f01a-4ca6-8f37-e251d9fbfb35,chain_wins,"direct","","","venue_calculator",0,0,"2026-04-27T22:30:25+00:00"
0f12c40a-4a38-4986-ad08-e5411385a6ff,agree,"the_knot","the_knot","","the_knot",3,3,"2026-02-02T15:01:52+00:00"
d9ee3f54-5a1c-4c54-b750-b02f0be3bf3f,agree,"the_knot","the_knot","","the_knot",1,1,"2026-04-27T00:30:15.15+00:00"
9afd8823-ad8d-45a3-a721-f0c2898f604e,disagree_specific_value,"herecomestheguide","here_comes_the_guide","","here_comes_the_guide",1,1,"2026-02-11T18:25:41+00:00"
9e7e7a94-2941-4a98-b2ab-c5ba347fd87c,agree,"the_knot","the_knot","","the_knot",2,2,"2026-02-21T20:06:13+00:00"
f22cd527-6a84-4f44-a39e-a47b722052dd,agree,"the_knot","the_knot","","the_knot",5,5,"2026-01-24T15:44:49+00:00"
b234e7f7-a143-498b-a79e-7258aa775e06,agree,"the_knot","the_knot","","the_knot",5,5,"2026-02-05T05:00:31+00:00"
dd2bd68e-559e-485b-9e08-a35fe88939ec,agree,"the_knot","the_knot","","the_knot",4,4,"2026-01-30T03:07:40+00:00"
3c0d5c8a-7d5e-451f-9fa5-1373d3d44f83,agree,"the_knot","the_knot","","the_knot",3,3,"2026-02-04T16:17:52+00:00"
57fa4bb2-e883-4774-84d1-7be189fbc500,agree,"the_knot","the_knot","","the_knot",2,2,"2026-01-30T22:30:08+00:00"
5a7b43ce-437e-44ac-b049-651c6c1808de,chain_wins,"website","","web_form","website",0,1,"2026-03-22T00:00:00+00:00"
0774e32e-3e16-4a27-91ab-e2aeaef5287a,agree,"the_knot","the_knot","","the_knot",1,1,"2026-01-29T23:28:39+00:00"
a500e086-d45f-4394-b468-62624848ec74,agree,"the_knot","the_knot","","the_knot",1,1,"2026-01-28T01:28:05+00:00"
77b944a9-d78a-4e7d-9486-e4c92941ee81,disagree_specific_value,"herecomestheguide","here_comes_the_guide","","here_comes_the_guide",1,1,"2026-01-26T20:54:23+00:00"
fc04b8b5-8aac-4148-8de6-b71d7b1a16d2,chain_wins,"calendly","","","website",0,1,"2026-04-28T00:27:20+00:00"
70d6a506-8244-4d40-be68-03dbf28a7e91,agree,"the_knot","the_knot","","the_knot",5,5,"2026-01-31T16:18:13+00:00"
570486cf-7056-4517-8ee6-2c1ceedb1637,agree,"the_knot","the_knot","","the_knot",4,4,"2026-01-26T17:16:07+00:00"
129c4cd7-a85b-4ea4-a2c2-0dc6f346381e,chain_wins,"direct","","","",0,1,"2026-03-24T22:08:56+00:00"
82697de5-5543-484f-868d-75ac9b5958e3,agree,"the_knot","the_knot","","the_knot",1,1,"2026-01-31T23:55:07+00:00"
eacc3c0c-5a12-476f-ad1a-5c0162f2dac2,agree,"the_knot","the_knot","","the_knot",4,4,"2026-03-15T18:46:45+00:00"
609b850e-1981-448e-b22a-2b1f4ed82119,agree,"the_knot","the_knot","","the_knot",4,4,"2026-02-12T01:07:55+00:00"
971c51b8-577f-4523-ae4d-04092178d032,chain_wins,"website","","web_form","website",0,1,"2025-11-23T00:00:00+00:00"
f5130e20-2940-4ef0-94ac-37211ec8a429,chain_wins,"direct","","","venue_calculator",0,0,"2026-04-29T22:59:45+00:00"
4ef8fb1b-e5ad-4ff4-8eba-dd66dc233c8d,agree,"the_knot","the_knot","","the_knot",1,1,"2026-04-28T17:24:39+00:00"
b7e84928-6984-4728-ab96-704a02c90a5b,chain_wins,"venue_calculator","","","venue_calculator",0,0,"2026-04-27T21:45:32+00:00"
f14f83f8-e133-4375-8fb7-9c591f222259,agree,"the_knot","the_knot","","the_knot",5,5,"2026-02-06T13:48:10+00:00"
a07f6c14-fcc7-423c-8162-3e54b700b29c,agree,"the_knot","the_knot","","the_knot",2,2,"2026-04-30T11:52:36.95+00:00"
c384bbfc-b602-4928-b8f6-e61f0e222ab4,agree,"the_knot","the_knot","","the_knot",2,2,"2026-02-11T01:37:21+00:00"
4ef6179e-1c3a-41b1-9e24-78ed21d71620,disagree_specific_value,"weddingwire","wedding_wire","","wedding_wire",2,2,"2026-04-16T03:43:09+00:00"
925a082b-1554-4a33-abb3-d151020bd062,chain_wins,"generic_csv","","web_form","website",0,1,"2025-09-29T00:00:00+00:00"
8a53920f-43f4-4039-8894-4ec27abaf2ff,disagree_specific_value,"weddingwire","wedding_wire","","wedding_wire",1,1,"2026-02-22T19:57:06+00:00"
ae97600e-529a-48e0-b63f-54f88e52aa7f,disagree_specific_value,"weddingwire","wedding_wire","","wedding_wire",2,2,"2026-03-20T01:42:55+00:00"
792263e2-eece-4618-b4e4-3c7dd5853cda,disagree_specific_value,"weddingwire","wedding_wire","","wedding_wire",2,2,"2026-03-20T17:03:55+00:00"
a1bbac24-8acf-4e81-94eb-d2bd6deceb2a,disagree_specific_value,"weddingwire","wedding_wire","","wedding_wire",1,1,"2026-03-24T02:37:50+00:00"
fb86c9c2-423a-40a9-8e11-1287631c85dc,disagree_specific_value,"weddingwire","wedding_wire","","wedding_wire",1,1,"2026-03-30T02:19:27+00:00"
af2b807d-a234-4e47-adc5-8b8161096591,disagree_specific_value,"weddingwire","the_knot","","wedding_wire",3,3,"2026-03-31T23:27:49+00:00"
a6c9c464-8222-4825-aa35-d1b43eb731e2,disagree_specific_value,"weddingwire","wedding_wire","","wedding_wire",1,1,"2026-04-29T22:57:25+00:00"
7405a5dd-dafe-4f67-816c-e7cf206abd66,chain_wins,"website","","web_form","website",0,1,"2025-10-03T00:00:00+00:00"
b7f5a7af-f673-440c-805d-10ab251c147b,chain_wins,"website","","web_form","website",0,1,"2025-09-26T00:00:00+00:00"
0fbca872-0d8a-4896-9849-fa7aca56f544,chain_wins,"honeybook","","web_form","website",0,1,"2024-09-20T00:00:00+00:00"
9a3305b1-cce3-44c4-a75d-dd5dc8b1de08,chain_wins,"direct","","","",0,1,"2026-03-01T04:18:21+00:00"
e6fe9c5e-c453-45f2-9f36-c859f88f4688,chain_wins,"google","","","",0,2,"2026-02-01T01:17:53+00:00"
306ef2d4-830e-47a6-98de-6f88e04d5d84,cluster_finds_real_source,"website","the_knot","","",2,4,"2026-02-01T18:23:02+00:00"
2c229347-10e9-45a6-a8e3-0aa56815e51f,cluster_finds_real_source,"calendly","the_knot","","",5,9,"2026-01-29T12:20:04+00:00"
f2a0d27a-98f0-402d-a069-22e836ca287f,agree,"referral","referral","generic_csv","referral",2,2,"2026-01-19T20:53:00+00:00"
53f93834-d9a0-41bf-a061-fa4aba960d6b,disagree_specific_value,"weddingwire","wedding_wire","","wedding_wire",13,13,"2026-02-06T16:53:23+00:00"
a6652bf0-9458-45e1-9a7c-eebb4a902db9,agree,"the_knot","the_knot","generic_csv","the_knot",2,2,"2026-01-19T18:56:00+00:00"
ef11d464-573b-43be-a67c-427e1413d96c,both_null,"","","generic_csv","",0,0,"2025-12-06T20:22:00+00:00"
bba5ab44-8f3f-418a-bef6-e46334c79e7a,chain_wins,"the_knot","","generic_csv","the_knot",0,0,"2026-01-18T22:56:00+00:00"
05aebb82-bf86-465f-8c61-449b70e01558,agree,"the_knot","the_knot","generic_csv","the_knot",1,1,"2026-01-16T19:44:00+00:00"
4c38b608-6eb3-4f69-8994-fb01c051a1b3,agree,"the_knot","the_knot","generic_csv","the_knot",1,1,"2026-01-14T23:53:00+00:00"
fc344911-3525-45eb-aeac-f399ccb3bb1f,agree,"the_knot","the_knot","generic_csv","the_knot",3,3,"2026-01-13T06:17:00+00:00"
e8b11e82-d840-4631-8593-cd5b860d55e0,chain_wins,"website","","web_form","website",0,1,"2025-12-31T00:00:00+00:00"
461ca73a-7a24-48ef-a936-77e23206b757,chain_wins,"website","","web_form","website",0,1,"2025-12-22T00:00:00+00:00"
c6682a07-04c1-4674-aaf3-cac9ef8c835c,chain_wins,"website","","web_form","website",0,1,"2026-02-28T00:00:00+00:00"
b570a0f6-9be2-4b67-b71a-19805e33399c,chain_wins,"website","","web_form","website",0,1,"2025-12-05T00:00:00+00:00"
1f5f5d98-07cb-4277-84cf-c977301002b9,cluster_finds_real_source,"web_form","the_knot","generic_csv","the_knot",1,2,"2025-05-27T21:43:00+00:00"
76c1bf1d-8bac-46f2-b161-a79f1cde6b43,chain_wins,"calendly","","","",0,2,"2026-02-27T14:30:07+00:00"
955557cf-b85b-4fd2-96b4-637ea0f069cc,chain_wins,"website","","web_form","website",0,1,"2025-12-03T00:00:00+00:00"
8bc64f63-6abc-402a-be61-be700f92ff38,agree,"google","google","generic_csv","google",1,1,"2025-11-27T18:36:00+00:00"
7cec9c22-9940-4026-b829-fef941960db0,chain_wins,"website","","web_form","website",0,1,"2025-11-26T00:00:00+00:00"
f516f59c-7d04-4b09-9693-991bc9768f75,agree,"google","google","generic_csv","google",1,1,"2025-11-22T00:29:00+00:00"
d9b50d8e-cc2a-4f4d-814a-94ffc6695537,chain_wins,"website","","web_form","website",0,1,"2025-11-17T00:00:00+00:00"
a1112952-2f7a-4d1c-882a-a2748bdf0bca,agree,"the_knot","the_knot","","the_knot",1,1,"2026-02-01T16:19:49+00:00"
68e275db-1506-4673-b308-bf72c918a7e7,cluster_finds_real_source,"calendly","google","generic_csv","google",1,2,"2026-02-25T18:02:00+00:00"
c4b565fb-ec62-4b5b-9609-c2ddf1aa96e2,chain_wins,"venue_calculator","","","venue_calculator",0,0,"2026-04-09T17:06:07+00:00"
9fd24b9f-c314-4b1d-8fd7-d8c7a827e9bf,agree,"the_knot","the_knot","","the_knot",3,3,"2026-02-11T03:43:38+00:00"
5c1e6f2e-9455-4375-8602-3222281b3a8d,chain_wins,"website","","web_form","website",0,1,"2026-03-14T00:00:00+00:00"
4e2fce02-da20-453b-9714-430caec55024,chain_wins,"website","","web_form","website",0,1,"2026-03-06T00:00:00+00:00"
1b1cf518-30ba-4084-9f32-e5fd71352606,chain_wins,"website","","web_form","website",0,1,"2025-11-17T00:00:00+00:00"
c0d838e3-8d57-43e1-8fde-1a13e858b267,agree,"the_knot","the_knot","generic_csv","the_knot",2,2,"2026-01-21T20:18:00+00:00"
5f88599e-e522-4535-ac58-3dc2e78f85b2,agree,"the_knot","the_knot","","the_knot",4,4,"2026-02-02T05:11:41+00:00"
e5face9c-5f51-4468-9696-3381a4b515c9,agree,"facebook","facebook","generic_csv","facebook",1,1,"2026-01-20T18:08:00+00:00"
8f770ec3-f626-4698-bfbc-bf93896bc904,cluster_finds_real_source,"calendly","google","generic_csv","google",1,3,"2026-02-23T18:20:00+00:00"
718a1269-c9d2-455f-9fb2-687a55a37373,chain_wins,"calendly","","","venue_calculator",0,1,"2026-04-23T15:24:11+00:00"
783115b6-6096-4365-a828-7766db2157ab,disagree_specific_value,"herecomestheguide","the_knot","","here_comes_the_guide",6,6,"2026-03-29T20:05:11+00:00"
e8070fc1-538b-45e3-97f0-0f40a12950c0,chain_wins,"direct","","","",0,1,"2026-02-03T03:57:07+00:00"
84508f06-f7ec-40d2-8b2c-2dd09928f6b2,cluster_finds_real_source,"calendly","the_knot","generic_csv","",3,5,"2026-04-13T15:39:00+00:00"
cbeeafc5-b03a-4499-8200-2c039e47633c,chain_wins,"calendly","","generic_csv","",0,4,"2026-01-01T20:11:00+00:00"
a2d0b1e2-4f59-474e-b154-3ba20c9e075b,agree,"google","google","generic_csv","google",2,2,"2026-01-20T04:22:00+00:00"
596feb86-3736-4ec5-bf07-c4be36227307,both_null,"","","generic_csv","",0,0,"2026-01-21T04:08:00+00:00"
f8085d21-1ad4-47d5-b863-52ed9e992d78,both_null,"","","generic_csv","",0,0,"2025-09-09T01:55:00+00:00"
950aad6b-5783-4cee-a0d8-55b02eb322f1,chain_wins,"website","","web_form","website",0,1,"2025-11-15T00:00:00+00:00"
ebe260c2-a9bb-404d-bc25-6f6684f2481a,chain_wins,"website","","web_form","website",0,1,"2025-11-11T00:00:00+00:00"
959acd1e-255f-4f72-a74a-63a84c2440b9,agree,"the_knot","the_knot","","the_knot",2,2,"2026-03-01T01:00:54+00:00"
346bd539-3d0a-4547-ab31-b48f6d3365a9,agree,"the_knot","the_knot","generic_csv","the_knot",1,1,"2025-11-03T16:15:00+00:00"
671355d2-3f85-437e-b980-d5019fb44476,agree,"google","google","generic_csv","google",1,1,"2025-10-27T20:56:00+00:00"
03dcc4ba-7daa-4e42-9a53-dceb0d04addf,chain_wins,"direct","","","venue_calculator",0,1,"2026-04-22T00:59:05+00:00"
9667d652-3392-441b-97ca-6ff89b0853e6,chain_wins,"website","","web_form","website",0,1,"2026-03-04T00:00:00+00:00"
ecb684c1-879c-459e-8651-1174808ff52b,chain_wins,"website","","web_form","website",0,1,"2026-03-02T00:00:00+00:00"
e0c5f129-d93f-4073-9a15-f639bb2c3f07,chain_wins,"website","","web_form","website",0,1,"2026-03-02T00:00:00+00:00"
7951e2a2-bab7-4aba-b940-0c9169fe0c9e,both_null,"","","generic_csv","",0,0,"2026-01-14T22:01:00+00:00"
7e39f63e-ad2e-4043-a300-6cbe8c635f51,chain_wins,"website","","web_form","website",0,1,"2025-10-27T00:00:00+00:00"
0787f141-7151-498b-a2ec-ec5134b129d3,cluster_finds_real_source,"generic_csv","the_knot","generic_csv","the_knot",11,12,"2026-02-19T01:57:54+00:00"
cd7259bf-2907-4875-8899-5fad7481723f,agree,"the_knot","the_knot","generic_csv","the_knot",1,1,"2025-12-10T20:48:00+00:00"
ddd225dd-7f7c-42f3-9b97-7fb15eec0f4d,chain_wins,"website","","web_form","website",0,1,"2025-10-26T00:00:00+00:00"
e88c50ad-810b-4005-84b1-07610791e32f,chain_wins,"website","","web_form","website",0,1,"2025-10-23T00:00:00+00:00"
f6b15ca5-4c6e-491f-a7f8-5d7ba92ed873,chain_wins,"honeybook","","honeybook","honeybook",0,0,"2025-06-17T20:48:01+00:00"
a1d2cc63-7057-4e8c-a38b-e4af8ade2dfa,chain_wins,"honeybook","","honeybook","honeybook",0,0,"2025-01-03T21:07:45+00:00"
2ff71465-276f-460d-b8ea-6ddd88d7d453,chain_wins,"honeybook","","honeybook","honeybook",0,0,"2024-12-20T21:29:53+00:00"
4c2e9348-0616-4080-b0ca-1e2fb9e5ad5a,both_null,"","","generic_csv","",0,0,"2025-08-25T17:35:00+00:00"
9ce4502a-027c-4657-bd80-685eb4bb3266,agree,"google","google","generic_csv","google",1,1,"2025-10-13T00:17:00+00:00"
4961d01b-72bf-42f8-ab13-61eea516619c,chain_wins,"web_form","","generic_csv","",0,1,"2025-08-02T13:56:00+00:00"
04a02d2b-cc82-4782-8cd8-2a11ec2dcd8c,cluster_finds_real_source,"calendly","referral","generic_csv","referral",1,2,"2026-02-20T17:26:00+00:00"
c1727de1-ddbc-4017-a41f-3eef69a6eecb,chain_wins,"honeybook","","honeybook","honeybook",0,3,"2026-03-19T00:25:39+00:00"
445c2ef1-c1b6-49bb-97e1-4c0fbd17ce9e,chain_wins,"honeybook","","honeybook","honeybook",0,0,"2024-12-09T16:23:54+00:00"
cd127168-47a8-4fac-9c78-ec9252f070cb,cluster_finds_real_source,"web_form","the_knot","generic_csv","the_knot",2,3,"2025-09-07T02:25:00+00:00"
841d0bb2-ef39-40b9-a0c6-ba980857d14b,cluster_finds_real_source,"web_form","google","generic_csv","google",1,2,"2025-09-19T16:32:00+00:00"
bd5bb5f0-db6c-4494-ad54-fd9d1fb53bd8,agree,"google","google","generic_csv","google",1,1,"2026-04-20T15:30:00+00:00"
e3fe85a2-92ff-426a-9eb7-9b337552cae6,chain_wins,"venue_calculator","","","venue_calculator",0,0,"2026-04-14T03:40:34+00:00"
57f1e8cd-16ad-494c-8535-62d92591c90c,cluster_finds_real_source,"web_form","the_knot","generic_csv","the_knot",1,2,"2025-10-03T12:48:00+00:00"
440fa747-3646-4c77-aabc-0fcba1cbc4eb,chain_wins,"honeybook","","honeybook","honeybook",0,0,"2025-09-01T20:50:12+00:00"
abe436cf-0b53-45e8-934b-f942c2e9b0d7,chain_wins,"generic_csv","","honeybook","honeybook",0,0,"2025-08-13T17:18:07+00:00"
59e8b17a-e695-4da8-812a-18359f957d83,chain_wins,"website","","web_form","website",0,1,"2026-02-23T00:00:00+00:00"
8b9d1f93-0538-4a10-aa53-61a73880909e,chain_wins,"calendly","","generic_csv","",0,2,"2026-04-28T23:17:00+00:00"
ffca7e0d-7f05-4b9c-b7c6-e7f0c98a13e9,chain_wins,"website","","web_form","website",0,1,"2025-11-19T00:00:00+00:00"
19018175-462b-470e-bf42-f99f86233a94,chain_wins,"generic_csv","","generic_csv","venue_calculator",0,2,"2026-04-21T01:33:56+00:00"
f71ccd21-2f70-43e5-a3fc-8459a2df9ea1,chain_wins,"website","","web_form","website",0,1,"2026-02-18T00:00:00+00:00"
68ffe45b-d032-4d5a-a5e9-60cf2f43d108,agree,"referral","referral","generic_csv","referral",1,1,"2025-10-12T23:13:00+00:00"
6d3b802d-b0ff-49e7-a458-fad90150186d,cluster_finds_real_source,"web_form","referral","generic_csv","referral",1,2,"2026-01-04T21:53:00+00:00"
a8858f4d-5bfe-4a5a-b800-77443f42856f,chain_wins,"web_form","","generic_csv","",0,1,"2026-01-15T17:37:00+00:00"
31f4e1f2-736d-4c87-a707-eb49c6215adf,agree,"the_knot","the_knot","generic_csv","the_knot",1,1,"2026-01-21T23:59:00+00:00"
ebfae7ed-b47a-4006-ab45-97fccbdf4702,both_null,"","","generic_csv","",0,0,"2025-10-23T21:02:00+00:00"
ccc6bb32-1d81-4cf0-8968-06e60ba3bb44,chain_wins,"direct","","","",0,1,"2026-03-02T21:35:09+00:00"
99f809ae-a4c9-49de-8875-02c953339385,chain_wins,"website","","web_form","website",0,1,"2026-03-23T00:00:00+00:00"
fd4bff0c-44f1-4866-bf48-ebc722c1a2ff,both_null,"","","generic_csv","",0,0,"2026-02-15T17:18:00+00:00"
ae72e13f-3f77-4154-8e22-bda130519077,both_null,"","","generic_csv","",0,0,"2026-02-08T18:38:00+00:00"
bb0757f5-ba8b-4fe1-827b-d47b5c48017f,chain_wins,"the_knot","","generic_csv","the_knot",0,0,"2026-03-01T04:18:00+00:00"
6321dd4a-b5e9-4502-81b8-3a74175b7004,chain_wins,"website","","web_form","website",0,1,"2026-02-17T00:00:00+00:00"
eedcdf3a-e520-4073-b029-2a2b63a0cb0f,agree,"the_knot","the_knot","generic_csv","the_knot",1,1,"2026-02-12T04:37:00+00:00"
a1e2aec0-ca5e-415a-8716-6a4f9275864c,chain_wins,"website","","web_form","website",0,1,"2026-02-05T00:00:00+00:00"
c081f702-4d62-4c3c-b912-d0b50e1388a9,chain_wins,"website","","web_form","website",0,1,"2026-02-03T00:00:00+00:00"
d2024592-e6ff-4355-9904-e5db09855428,agree,"the_knot","the_knot","generic_csv","the_knot",1,1,"2026-02-01T18:22:00+00:00"
55e94b39-2a58-4e31-9ada-fb299688e15c,cluster_finds_real_source,"calendly","the_knot","generic_csv","the_knot",4,5,"2026-03-04T23:10:00+00:00"
21bef720-d810-4b05-9e5e-898128c8c0eb,cluster_finds_real_source,"calendly","the_knot","generic_csv","the_knot",5,6,"2026-03-08T00:23:00+00:00"
f7e65759-b6bf-4e9f-8ba6-0c604807c141,agree,"google","google","generic_csv","google",1,4,"2026-03-11T23:04:00+00:00"
cc5d6107-73af-454e-b5f9-63533550374c,agree,"the_knot","the_knot","generic_csv","the_knot",1,1,"2026-03-07T16:15:00+00:00"
dc0c3ffc-583e-4405-8719-54b05f1eca6d,agree,"the_knot","the_knot","generic_csv","the_knot",1,1,"2026-03-06T10:27:00+00:00"
610148eb-5353-44ad-9e54-d1f949c7767d,agree,"the_knot","the_knot","generic_csv","the_knot",1,1,"2026-02-01T16:12:00+00:00"
f185d477-d836-45fe-9a3e-f8355d927233,chain_wins,"website","","web_form","website",0,1,"2026-02-01T00:00:00+00:00"
f306d396-e106-48fe-8fc3-3c628a1335a4,chain_wins,"website","","web_form","website",0,1,"2026-02-01T00:00:00+00:00"
7e2c4562-a8f0-4c88-9fcb-91ad33c7bc8e,chain_wins,"calendly","","","",0,2,"2026-02-22T19:04:50+00:00"
56d187d1-8fdc-4fb2-b575-1934ba278048,cluster_finds_real_source,"calendly","facebook","generic_csv","facebook",1,2,"2026-03-14T12:08:00+00:00"
ceb5ae94-aa7d-4725-893a-00264da06bc7,both_null,"","","generic_csv","",0,0,"2026-01-29T12:19:00+00:00"
7da90715-c68f-4c86-ac1b-bc41967d8964,agree,"google","google","generic_csv","google",1,1,"2026-03-29T22:40:00+00:00"
c4eb9c52-e987-475b-ba69-b3a91b3c36b7,chain_wins,"website","","web_form","website",0,1,"2026-01-31T00:00:00+00:00"
82fdde64-6f22-4efd-a757-1b8cdc812d00,chain_wins,"website","","web_form","website",0,1,"2026-01-31T00:00:00+00:00"
1be24dbb-ccce-4252-8ad8-a25e6ede22af,chain_wins,"website","","web_form","website",0,1,"2026-01-31T00:00:00+00:00"
ad2636da-dafa-4cbd-b91c-fcf98c61c185,chain_wins,"website","","web_form","website",0,1,"2025-11-25T00:00:00+00:00"
a86347d5-2127-45d5-8053-c85db51049f1,agree,"google","google","generic_csv","google",1,1,"2025-10-11T22:33:00+00:00"
4688800e-fb40-4902-bb68-c6b16ca304e6,chain_wins,"website","","web_form","website",0,1,"2025-10-08T00:00:00+00:00"
2b5d2e0e-04cc-41c7-a1f3-20e82ba93039,agree,"google","google","generic_csv","google",1,1,"2025-10-07T14:20:00+00:00"
ba22e5df-fe1e-473a-acc2-40e00bb029eb,agree,"the_knot","the_knot","generic_csv","the_knot",1,1,"2025-10-03T04:17:00+00:00"
acce27f0-e43c-4a13-86bb-8a2b0846e25c,cluster_finds_real_source,"calendly","google","generic_csv","google",1,3,"2026-03-14T13:49:00+00:00"
b49687e2-2d05-40d2-ba0b-66fae9278623,chain_wins,"honeybook","","honeybook","honeybook",0,0,"2026-01-24T21:47:47+00:00"
89069ef9-a368-4d48-8e58-3e43b22122a4,chain_wins,"honeybook","","web_form","website",0,2,"2025-01-24T00:00:00+00:00"
ed77019c-c286-4030-9cd7-c2aa8b412a3e,chain_wins,"honeybook","","web_form","website",0,2,"2024-07-22T00:00:00+00:00"
fa3cd405-0b7d-4c3c-8f42-92fd52aa3c62,both_null,"","","generic_csv","",0,0,"2025-11-21T22:16:00+00:00"
665bfa7b-45e9-4119-ae94-7ee00476464f,chain_wins,"direct","","","venue_calculator",0,0,"2026-05-01T19:41:48+00:00"
675de1da-f58f-4647-9c5c-a36d02e86034,cluster_finds_real_source,"generic_csv","google","web_form","website",1,2,"2025-12-29T00:00:00+00:00"
5117b587-3f40-4ae3-b66f-8d6d8a1eb62a,chain_wins,"website","","web_form","website",0,1,"2026-01-23T00:00:00+00:00"
e58823a5-495f-4bbb-8d8d-70a60424e7e7,chain_wins,"website","","web_form","website",0,1,"2025-10-03T00:00:00+00:00"
1d0ab41f-1a2c-4474-9f11-e45aea89f071,chain_wins,"website","","web_form","website",0,1,"2025-09-30T00:00:00+00:00"
3ac15bea-b67e-4415-9f27-ee8aac6dc81c,both_null,"","","generic_csv","",0,0,"2026-04-22T00:58:00+00:00"
a2002b41-5ddc-4619-b572-3d9b74b168ed,chain_wins,"honeybook","","web_form","website",0,1,"2024-12-08T00:00:00+00:00"
5d32277b-e2f0-4733-befe-cc2e27dd5dd4,agree,"the_knot","the_knot","generic_csv","the_knot",3,3,"2026-04-21T21:29:00+00:00"
3e5b1b19-ecc4-4c00-a14d-8539b24b72f1,chain_wins,"honeybook","","web_form","website",0,1,"2025-09-16T00:00:00+00:00"
4117a6c3-3e83-4d1c-9024-9c9e6045687b,chain_wins,"website","","web_form","website",0,1,"2025-09-24T00:00:00+00:00"
6f71a0c4-e746-42ac-8d67-482c4780105e,cluster_finds_real_source,"generic_csv","the_knot","web_form","website",1,2,"2025-09-14T00:00:00+00:00"
4aa2a3ac-162c-4e78-9f18-20242f40c140,agree,"the_knot","the_knot","generic_csv","the_knot",1,1,"2025-05-13T22:28:00+00:00"
25b0a7fb-7b9f-4b1b-9760-96da5511edf9,cluster_finds_real_source,"calendly","google","generic_csv","google",1,2,"2026-03-20T23:22:00+00:00"
5f846287-2739-4588-8201-4050ed4558b5,agree,"google","google","generic_csv","google",1,1,"2026-04-28T00:27:00+00:00"
aafb620a-7f0a-4599-af9d-a81ee5ed4834,agree,"the_knot","the_knot","generic_csv","the_knot",1,1,"2026-04-25T20:22:00+00:00"
246cfbf8-2cba-4657-9520-262c8f781d8f,agree,"zola","zola","generic_csv","zola",1,1,"2026-01-14T01:23:00+00:00"
6ecff875-8ae6-4519-bc9b-3a7ff9a47e82,chain_wins,"here_comes_the_guide","","generic_csv","here_comes_the_guide",0,0,"2025-09-23T00:40:00+00:00"
865ea010-636c-4b23-ba71-4df67f51e17a,chain_wins,"website","","web_form","website",0,1,"2025-09-21T00:00:00+00:00"
5737865f-e85b-4207-b20e-756dc002e0f2,both_null,"","","generic_csv","",0,0,"2025-09-18T19:55:00+00:00"
ef528fa7-0268-4cec-a5a2-95c7d99eec0d,chain_wins,"here_comes_the_guide","","generic_csv","here_comes_the_guide",0,0,"2025-09-18T01:23:00+00:00"
f553c764-37bf-4176-afe4-c6a92c4b0ee1,chain_wins,"honeybook","","web_form","website",0,1,"2024-05-09T00:00:00+00:00"
bbae1450-8a88-4af3-acfa-c98c9f4ed757,chain_wins,"generic_csv","","generic_csv","direct",0,1,"2026-04-24T17:55:43.87+00:00"
3fa6ceb2-ba2c-4435-9fe7-31655fcc27e2,chain_wins,"website","","web_form","website",0,1,"2026-01-13T00:00:00+00:00"
fd9dddb8-a24f-463a-ab0f-e70d4cba8dc4,chain_wins,"honeybook","","honeybook","honeybook",0,0,"2025-07-30T13:22:24+00:00"
942410e7-350a-4aa1-aa18-ae9c07386ff5,chain_wins,"website","","web_form","website",0,1,"2025-09-15T00:00:00+00:00"
31a9c203-4b0a-4bd9-b216-2559b9944c4b,chain_wins,"honeybook","","honeybook","honeybook",0,0,"2026-01-10T23:21:44+00:00"
624b0b48-4010-48b8-a3cf-daa61a2017f6,both_null,"","","generic_csv","",0,0,"2026-01-11T02:48:00+00:00"
890ad0e5-22fa-4683-973f-f0a7c2453488,agree,"the_knot","the_knot","generic_csv","the_knot",1,1,"2026-01-10T19:32:00+00:00"
1e721806-c96a-449f-8b13-f85b54406c21,chain_wins,"website","","web_form","website",0,1,"2026-01-10T00:00:00+00:00"
4cbb591a-4ebe-441d-9e61-4d65858748af,chain_wins,"website","","web_form","website",0,1,"2025-09-14T00:00:00+00:00"
c19e0ba2-cba0-4073-8ee2-f961a2c730b4,cluster_finds_real_source,"calendly","the_knot","generic_csv","the_knot",2,3,"2026-04-06T17:28:00+00:00"
5b263995-2185-4505-9cb3-2f4773f5d12f,cluster_finds_real_source,"honeybook","the_knot","web_form","website",2,3,"2025-06-30T00:00:00+00:00"
87ddb6b5-b450-477e-8bd4-ed6eed3dfe74,cluster_finds_real_source,"calendly","the_knot","generic_csv","google",4,5,"2026-04-05T22:34:00+00:00"
70457a05-495b-47cd-9ac6-c69c08fb0fbb,agree,"google","google","generic_csv","google",1,1,"2026-01-09T21:53:00+00:00"
4344d279-adde-49de-b06f-06a25f3eb337,cluster_finds_real_source,"calendly","google","generic_csv","google",1,2,"2026-04-12T14:29:00+00:00"
68056edb-e5eb-4d62-81c1-6a8d3694e318,chain_wins,"website","","web_form","website",0,1,"2026-01-08T00:00:00+00:00"
fcd75da0-6bd9-45a1-9a78-c9d6ff1ba72c,chain_wins,"the_knot","","generic_csv","the_knot",0,0,"2025-06-10T22:45:00+00:00"
bf08ff62-b4e4-458f-a7cd-2672a5bf792a,agree,"google","google","generic_csv","google",1,1,"2026-04-23T15:24:00+00:00"
d00c2754-4991-485a-804a-7f2d8eb929cc,chain_wins,"website","","web_form","website",0,1,"2026-01-07T00:00:00+00:00"
eb2a5afe-15c4-4cd2-80bd-23f5079b3325,chain_wins,"website","","web_form","website",0,1,"2025-11-12T00:00:00+00:00"
91bc6d45-3234-4ccb-b2cd-096a7cea35cf,cluster_finds_real_source,"calendly","google","generic_csv","google",1,2,"2026-04-12T17:28:00+00:00"
384ea93b-9660-4a19-933f-fa0764b546f0,cluster_finds_real_source,"calendly","referral","generic_csv","referral",1,2,"2026-04-13T00:09:00+00:00"
419da804-453c-4eb5-9c6d-13d9f725348a,chain_wins,"website","","web_form","website",0,1,"2025-09-13T00:00:00+00:00"
ae2a10d2-91f8-40db-811c-5f0784444a13,agree,"the_knot","the_knot","generic_csv","the_knot",1,1,"2025-09-09T03:14:00+00:00"
dc712991-8d3f-4977-a3a6-b0fd83a61268,agree,"the_knot","the_knot","generic_csv","the_knot",1,1,"2025-05-21T00:01:00+00:00"
1cef33de-c3eb-437a-b8c6-4442723e3a4c,chain_wins,"website","","web_form","website",0,1,"2024-12-09T00:00:00+00:00"
c220de4a-1649-4e77-b2da-787f3479429f,both_null,"","","generic_csv","",0,0,"2025-05-13T20:09:00+00:00"
8a17a42a-1582-4f27-8d43-56c36bf216e4,chain_wins,"wedding_wire","","generic_csv","wedding_wire",0,0,"2026-01-06T18:32:00+00:00"
9a827189-cc4d-482b-a288-8bb83e62d7dc,agree,"the_knot","the_knot","generic_csv","the_knot",1,1,"2026-01-04T02:27:00+00:00"
f67d5bbe-15ca-4f0e-8895-b3f464fbd61c,chain_wins,"website","","web_form","website",0,1,"2025-11-11T00:00:00+00:00"
38a89cb9-1106-47e6-951e-196cd61623a6,chain_wins,"calendly","","generic_csv","wedding_wire",0,3,"2026-04-18T04:22:00+00:00"
6ab1d9de-b0c2-41e7-8a77-2639b1b21ac1,chain_wins,"website","","web_form","website",0,1,"2025-09-09T00:00:00+00:00"
542176d8-6f53-4f36-aee5-7ff7b30cfbf9,chain_wins,"honeybook","","honeybook","honeybook",0,0,"2025-09-08T15:52:20+00:00"
710d0f07-86df-43a4-a008-e48a7109f983,both_null,"","","generic_csv","",0,0,"2026-01-05T22:38:00+00:00"
3539b3e6-7bd9-46ab-ab36-30330703bd1f,agree,"google","google","generic_csv","google",1,1,"2026-01-03T01:42:00+00:00"
e17aa513-63be-4fe8-b63a-b0dff6dd4314,chain_wins,"web_form","","web_form","website",0,2,"2025-01-29T00:00:00+00:00"
b4cd3fc1-0866-4d0d-90cf-dbcd2beae654,chain_wins,"website","","web_form","website",0,1,"2026-01-03T00:00:00+00:00"
83afde9f-4494-4a09-9a94-6b015171c3ed,agree,"google","google","generic_csv","google",1,1,"2026-01-02T23:39:00+00:00"
f085c066-cd05-4fcf-9f8e-a93deb3ba7f9,chain_wins,"website","","web_form","website",0,1,"2024-10-08T00:00:00+00:00"
87485ec8-d0c1-4dda-adf4-74073b6dff70,chain_wins,"website","","web_form","website",0,1,"2024-10-05T00:00:00+00:00"
e37411c0-2964-4fc6-a5f7-a1f9ecf323e9,chain_wins,"website","","web_form","website",0,1,"2025-12-31T00:00:00+00:00"
d7c8555c-55a6-428a-9115-c96159b651fd,agree,"the_knot","the_knot","generic_csv","the_knot",1,1,"2025-09-08T15:15:00+00:00"
6d4dc5d9-a28d-4f81-b296-edfc723e9512,chain_wins,"honeybook","","honeybook","honeybook",0,0,"2025-02-18T16:28:22+00:00"
c607cd78-1572-4940-b42b-f2000093ea65,agree,"the_knot","the_knot","generic_csv","the_knot",1,1,"2025-12-30T04:00:00+00:00"
dab08768-2f1c-4f65-a153-420a290141d6,cluster_finds_real_source,"calendly","referral","generic_csv","referral",1,2,"2026-03-02T23:56:00+00:00"
c53da281-52af-4338-bb71-8375ae6f2bf7,both_null,"","","generic_csv","",0,0,"2025-12-30T19:55:00+00:00"
01216299-cc2f-4382-9c5e-6fefe5854b6c,chain_wins,"website","","web_form","website",0,1,"2025-12-30T00:00:00+00:00"
2b36bd32-bac0-4a8d-9725-71d0a548de57,chain_wins,"website","","web_form","website",0,1,"2025-11-02T00:00:00+00:00"
4327fb36-89a6-4240-8939-cf9e8a2fbfba,chain_wins,"generic_csv","","web_form","website",0,1,"2024-10-05T00:00:00+00:00"
81b11fbf-97a9-454c-864a-a3a0b10572d8,chain_wins,"the_knot","","generic_csv","the_knot",0,0,"2025-12-29T19:45:00+00:00"
2011cfa7-0004-4819-bbe9-f4275972e588,chain_wins,"website","","web_form","website",0,1,"2025-11-02T00:00:00+00:00"
d91ec33b-f999-4398-863c-591150a33759,agree,"google","google","generic_csv","google",3,3,"2025-10-27T16:18:00+00:00"
2cb4ef35-84eb-41c5-9796-6b15e1353e04,cluster_finds_real_source,"calendly","the_knot","generic_csv","the_knot",3,4,"2026-02-07T21:07:00+00:00"
5f6a322f-e685-4f95-811c-bab9a6eb7799,both_null,"","","generic_csv","",0,0,"2025-12-29T22:48:00+00:00"
8fb29625-0ae2-4f50-9e2b-50b57c555e50,agree,"referral","referral","generic_csv","referral",1,1,"2026-01-14T18:06:00+00:00"
a68bd79a-9969-4001-ac7d-5dad9fccbc96,agree,"google","google","generic_csv","google",1,1,"2025-12-26T16:40:00+00:00"
1264ba0a-46f8-499f-af96-852193c77693,cluster_finds_real_source,"calendly","google","generic_csv","google",1,3,"2026-02-17T13:20:00+00:00"
c0601b7a-d356-4054-a87d-7f523c603c78,chain_wins,"web_form","","web_form","website",0,2,"2024-10-08T00:00:00+00:00"
7e145ff9-ff5b-4de8-8372-ac4784741ac8,chain_wins,"website","","web_form","website",0,1,"2026-01-07T00:00:00+00:00"
e87f6c5a-46d6-4bc3-9642-b4c9e718849a,agree,"zola","zola","generic_csv","zola",1,1,"2025-12-18T21:14:00+00:00"
6acc537a-f975-45a8-b432-2aab2300f2b0,agree,"the_knot","the_knot","generic_csv","the_knot",1,1,"2025-12-14T16:59:00+00:00"
edb1d47e-650b-400b-b939-810f128e40c6,both_null,"","","generic_csv","",0,0,"2025-12-14T00:07:00+00:00"
2e1e0559-8297-4ba4-90f3-30f32d85ea55,both_null,"","","generic_csv","",0,0,"2025-08-29T13:31:00+00:00"
bdc083e1-464c-4718-a1dd-9f2170a49bf2,chain_wins,"website","","web_form","website",0,1,"2025-09-08T00:00:00+00:00"
473ec11c-243e-4c33-a0f1-f5ad16527e78,chain_wins,"here_comes_the_guide","","generic_csv","here_comes_the_guide",0,0,"2025-09-07T20:26:00+00:00"
44b26379-42c3-4730-a17f-f09051690935,chain_wins,"website","","web_form","website",0,1,"2025-09-07T00:00:00+00:00"
f2812706-1fb1-458a-ae2b-bb82a1797c88,chain_wins,"website","","web_form","website",0,1,"2025-09-03T00:00:00+00:00"
b25cf47c-fd07-46f1-9aa4-c841092b030f,chain_wins,"website","","web_form","website",0,1,"2025-09-03T00:00:00+00:00"
f48438e6-b01f-40e6-bfbf-dd43d89f2778,agree,"google","google","generic_csv","google",1,1,"2025-09-02T20:57:00+00:00"
701699e5-ce2f-4ed5-a000-9d3220d782d2,agree,"google","google","generic_csv","google",1,1,"2025-09-02T16:37:00+00:00"
caf9f059-6e9f-400a-9c15-bd2b12fd3439,chain_wins,"website","","web_form","website",0,1,"2025-09-02T00:00:00+00:00"
307a3037-7a27-4fa7-b8c9-7a4ece89080e,chain_wins,"website","","web_form","website",0,1,"2025-08-30T00:00:00+00:00"
0c0c42cd-5263-49fd-a49e-82721e3ac522,chain_wins,"website","","web_form","website",0,1,"2025-08-29T00:00:00+00:00"
420874ad-f0da-4a0d-af36-5211609533fa,agree,"the_knot","the_knot","generic_csv","the_knot",1,1,"2025-08-26T17:34:00+00:00"
a1a74bf9-4d74-4444-946e-bed54389e9b6,agree,"google","google","generic_csv","google",2,2,"2025-08-26T15:14:00+00:00"
721ad4ff-66dc-49dc-9e56-46ab362c8aba,agree,"google","google","generic_csv","google",3,3,"2025-08-26T05:32:00+00:00"
7a5178d8-1ba4-4ba3-9d21-664b0588c83c,chain_wins,"website","","web_form","website",0,1,"2025-08-26T00:00:00+00:00"
cfa73336-d8f6-443c-beb4-47b7eb093af5,chain_wins,"website","","web_form","website",0,1,"2025-12-29T00:00:00+00:00"
1a55e5fe-96c0-4385-9abb-ebbe9c4a9a2e,chain_wins,"website","","web_form","website",0,1,"2025-12-14T00:00:00+00:00"
05449728-7e94-4f30-8bb1-9bf2cefa3f7b,both_null,"","","generic_csv","",0,0,"2025-08-17T13:45:00+00:00"
e0805502-6b7a-47a6-946d-d35887b494f3,chain_wins,"website","","web_form","website",0,1,"2025-08-26T00:00:00+00:00"
7b45e46d-625a-40ce-9a3c-869cfb7bab9a,chain_wins,"honeybook","","web_form","website",0,1,"2024-07-29T00:00:00+00:00"
f17e3478-eaf5-42ae-9a31-547ad5333e9f,chain_wins,"website","","web_form","website",0,1,"2025-08-25T00:00:00+00:00"
159634f0-c350-40de-b735-26cac845e6e8,cluster_finds_real_source,"honeybook","the_knot","web_form","website",1,10,"2025-04-20T00:00:00+00:00"
250eb3ae-b55d-4b18-98c8-94496b0dcd7b,chain_wins,"website","","web_form","website",0,1,"2025-08-25T00:00:00+00:00"
a67d25f1-f774-4f7c-90ee-82d6eb4bcdbf,chain_wins,"website","","web_form","website",0,1,"2025-08-23T00:00:00+00:00"
10e9b65c-c771-4da3-bc65-5ced6d168fea,cluster_finds_real_source,"honeybook","the_knot","web_form","website",1,2,"2025-10-15T00:00:00+00:00"
2e538b5a-a417-498c-a17b-6688b4d6781d,chain_wins,"website","","web_form","website",0,1,"2025-08-22T00:00:00+00:00"
b96fd95c-7337-44d8-a804-f7bfbd1118da,agree,"google","google","generic_csv","google",1,1,"2025-08-21T19:03:00+00:00"
01d8b3de-c925-4280-8eb1-aea4236d0ca9,chain_wins,"website","","web_form","website",0,1,"2025-08-21T00:00:00+00:00"
45d60be8-5d35-4ef9-8383-75eb5889be97,chain_wins,"website","","web_form","website",0,1,"2025-08-18T00:00:00+00:00"
4459542c-f6a3-4664-946e-7576ed82d2b3,chain_wins,"website","","web_form","website",0,1,"2025-08-17T00:00:00+00:00"
8f015252-b7d9-4c45-b553-5fd89737f0f2,chain_wins,"website","","web_form","website",0,1,"2025-12-14T00:00:00+00:00"
62b360f6-0f89-43f4-9e31-00e765c78d5e,chain_wins,"website","","web_form","website",0,1,"2025-12-11T00:00:00+00:00"
b84bd0fb-a644-48dd-92e3-88bc390ed86f,agree,"google","google","generic_csv","google",2,2,"2025-08-16T16:21:00+00:00"
5710c411-2362-4016-8d8c-df38f1953136,chain_wins,"calendly","","","",0,1,"2026-02-01T16:12:18+00:00"
7b94f681-fd0d-48b5-8be2-6819e34d0e94,chain_wins,"calendly","","","",0,1,"2026-03-06T10:27:49+00:00"
cdb18fdb-92bb-4e36-bf56-2fc4295ab1f1,chain_wins,"website","","web_form","website",0,1,"2025-08-14T00:00:00+00:00"
40044f96-baec-4504-9753-57165063efc0,chain_wins,"calendly","","","",0,1,"2026-04-25T20:25:31.999+00:00"
2877f7d4-ab32-4d04-a35b-8da20e948a83,chain_wins,"honeybook","","honeybook","honeybook",0,0,"2024-10-02T13:00:19+00:00"
abc85cd2-e491-4655-bc69-1c9be7cb0e26,both_null,"","","generic_csv","",0,0,"2025-08-02T22:22:00+00:00"
08c6a7e8-d726-471b-859d-848ce1088b39,agree,"google","google","generic_csv","google",1,1,"2025-08-13T17:36:00+00:00"
4ea57a1b-547d-4db5-a2fb-3bb38fc6d58a,chain_wins,"website","","web_form","website",0,1,"2025-08-13T00:00:00+00:00"
365c8adf-d9a1-43b5-831e-14f6224558fd,agree,"the_knot","the_knot","generic_csv","the_knot",1,1,"2025-08-12T23:31:00+00:00"
f80996c5-2448-43e6-8798-9bb25d85a631,chain_wins,"website","","web_form","website",0,1,"2025-08-12T00:00:00+00:00"
964cc5bd-1dc3-470d-9207-6cadb17aad13,chain_wins,"website","","web_form","website",0,1,"2025-08-12T00:00:00+00:00"
c4a9d70c-c6be-4aca-8e35-4589cf745389,chain_wins,"website","","web_form","website",0,1,"2025-08-12T00:00:00+00:00"
936799c1-fe02-42d2-9f61-43a354ad0aed,agree,"google","google","generic_csv","google",2,2,"2025-08-08T21:13:00+00:00"
39955eef-6d75-4712-a411-1723601dc5fc,agree,"the_knot","the_knot","generic_csv","the_knot",1,1,"2025-08-07T22:22:00+00:00"
717bcc52-1074-4f03-b735-d43412b9e1ca,chain_wins,"website","","web_form","website",0,1,"2025-08-07T00:00:00+00:00"
03111899-8f7e-4c2a-80fa-088163e8258c,agree,"google","google","generic_csv","google",1,1,"2025-08-05T22:37:00+00:00"
7baf93a5-f8e8-48ba-b069-7f62ab647c8a,chain_wins,"website","","web_form","website",0,1,"2025-08-05T00:00:00+00:00"
08599719-5ab3-4a70-9c6a-366a89df18fa,agree,"the_knot","the_knot","generic_csv","the_knot",1,1,"2025-08-03T22:29:00+00:00"
3805db0a-6b6f-4cf3-8b4e-c8acf61c32ad,agree,"the_knot","the_knot","generic_csv","the_knot",2,2,"2025-08-02T00:28:00+00:00"
c4cdb281-39ac-41e8-9110-e219313f52be,chain_wins,"website","","web_form","website",0,1,"2025-08-01T00:00:00+00:00"
b879923c-1fa4-447a-8c47-511b887fc43b,chain_wins,"website","","web_form","website",0,1,"2025-12-27T00:00:00+00:00"
d712038c-4fef-4561-ac37-59b5397b3f55,agree,"the_knot","the_knot","generic_csv","the_knot",1,1,"2025-12-08T16:04:00+00:00"
dcc9c056-37a3-4b9f-85d1-b70ba6823c5a,chain_wins,"honeybook","","honeybook","honeybook",0,0,"2025-07-29T12:42:17+00:00"
e0932d6f-dc32-47ff-bdcb-bee4882d6687,agree,"google","google","generic_csv","google",1,1,"2025-07-30T21:23:00+00:00"
741b9470-9253-4fc0-aad5-f3b456b223dd,agree,"the_knot","the_knot","generic_csv","the_knot",1,1,"2025-07-30T02:13:00+00:00"
6d562129-c2c8-4c5f-9916-f2f98cffaad5,agree,"the_knot","the_knot","generic_csv","the_knot",1,1,"2025-07-30T01:04:00+00:00"
b65f9d87-15ee-4780-a185-24f21c53e155,agree,"google","google","generic_csv","google",1,1,"2025-07-29T02:00:00+00:00"
14b63c59-a2a1-40c1-bcfb-d1c3eea6f203,chain_wins,"website","","web_form","website",0,1,"2025-07-29T00:00:00+00:00"
267ea963-22be-40d6-97ba-944a62859821,agree,"the_knot","the_knot","generic_csv","the_knot",1,1,"2025-07-28T18:40:00+00:00"
0ebc686e-6089-4549-b7bd-d4e939e26b67,chain_wins,"website","","web_form","website",0,1,"2025-07-27T00:00:00+00:00"
bbe00e62-fb90-4556-905a-32fb27959c52,agree,"tiktok","tiktok","generic_csv","tiktok",1,1,"2025-07-22T02:17:00+00:00"
000a3f2d-3034-4511-b9b0-b6b45aad1ef0,chain_wins,"generic_csv","","web_form","website",0,1,"2024-05-18T00:00:00+00:00"
92afd251-1bca-49d4-9239-91af896f4f77,agree,"zola","zola","generic_csv","zola",1,1,"2025-07-22T01:18:00+00:00"
344c3378-ed75-4283-ae38-3d244a0e4c46,chain_wins,"website","","web_form","website",0,1,"2025-07-22T00:00:00+00:00"
a2b4d30a-e202-4afa-b43e-a16d1681bb0d,chain_wins,"website","","web_form","website",0,1,"2025-07-21T00:00:00+00:00"
513e44c7-0b88-4f57-8180-abb8bdee761d,chain_wins,"website","","web_form","website",0,1,"2025-07-20T00:00:00+00:00"
f70e5300-db3e-430e-9eb3-7750d28a2e67,agree,"google","google","generic_csv","google",1,1,"2025-07-19T17:31:00+00:00"
47e91ed7-d5d9-44ac-a430-9f46156b9cfc,chain_wins,"website","","web_form","website",0,1,"2025-07-19T00:00:00+00:00"
a12ee02b-492a-4342-bdc5-7c2a5317d48c,chain_wins,"website","","web_form","website",0,1,"2025-07-18T00:00:00+00:00"
0eedbd69-7bc1-4829-ac55-6393366256d3,agree,"google","google","generic_csv","google",1,1,"2025-07-16T22:42:00+00:00"
3b560a04-4d4a-45bf-84e2-a3c12e832b0d,chain_wins,"website","","web_form","website",0,1,"2025-07-15T00:00:00+00:00"
5518d657-6346-4953-a2e3-a0f38c680c9a,chain_wins,"website","","web_form","website",0,1,"2025-07-14T00:00:00+00:00"
1b2e93d4-8f3d-4021-aa3c-5bec93c0bb0f,agree,"google","google","generic_csv","google",1,1,"2025-12-06T11:04:00+00:00"
a626abbc-b5dd-4fb6-837d-1a33ffd54e51,chain_wins,"website","","web_form","website",0,1,"2025-10-27T00:00:00+00:00"
636e2db9-0681-4eb9-be1e-4888aa026571,cluster_finds_real_source,"calendly","google","generic_csv","google",1,2,"2026-02-19T16:32:00+00:00"
80ab1117-c9c0-44b4-aa69-65fff52cf480,cluster_finds_real_source,"calendly","the_knot","generic_csv","the_knot",8,9,"2026-03-17T20:10:00+00:00"
48bf6e27-cb52-47b3-8c4d-13bcc22e40e9,chain_wins,"website","","web_form","website",0,1,"2025-07-13T00:00:00+00:00"
0a202616-7c86-40fa-a913-dc0766e84ae3,cluster_finds_real_source,"generic_csv","the_knot","generic_csv","",2,3,"2026-02-19T15:09:03+00:00"
7eda8078-1ee3-49ec-9ce1-91c46468ec9e,chain_wins,"website","","web_form","website",0,1,"2025-07-13T00:00:00+00:00"
73328917-47d6-44ee-8ad5-ed26d6d34d63,agree,"the_knot","the_knot","web_form","website",17,22,"2026-02-08T00:00:00+00:00"
53978ffc-b340-45ce-ab60-b1bf943c5b89,cluster_finds_real_source,"honeybook","google","web_form","website",2,4,"2026-01-12T00:00:00+00:00"
8c613648-6d27-4861-9fba-55d0d7ac42a1,chain_wins,"calendly","","web_form","website",0,6,"2024-12-18T00:00:00+00:00"
7a4c35f8-64ac-480c-aa98-21e4b72e3630,chain_wins,"wedding_wire","","generic_csv","wedding_wire",0,0,"2025-10-26T17:21:00+00:00"
7c9d8849-f112-4428-a312-ecea131a6769,agree,"google","google","generic_csv","google",1,1,"2025-07-12T22:06:00+00:00"
be1c041d-2976-417e-af04-9feb508ee6cc,agree,"the_knot","the_knot","generic_csv","the_knot",3,3,"2025-07-11T23:58:00+00:00"
8f810301-aef6-45c8-baba-4613d6ccf8f0,chain_wins,"honeybook","","web_form","website",0,1,"2025-03-31T00:00:00+00:00"
3dbd4cbb-63c7-4ee0-b6f3-b55c0761b3be,chain_wins,"honeybook","","web_form","website",0,3,"2025-03-03T00:00:00+00:00"
31874125-dec1-4260-b49f-7addb8d8d6c7,chain_wins,"honeybook","","web_form","website",0,2,"2025-02-09T00:00:00+00:00"
c8e15227-c500-4436-80b2-fff8e2b75c5e,chain_wins,"honeybook","","web_form","website",0,2,"2025-01-13T00:00:00+00:00"
8e8ee8b1-6b96-410b-b4c9-188719b488ce,chain_wins,"honeybook","","web_form","website",0,1,"2025-01-09T00:00:00+00:00"
a6952026-a10b-468f-b6b2-dd817f1ba7bd,chain_wins,"website","","web_form","website",0,1,"2025-07-11T00:00:00+00:00"
1c16b9a9-002f-47da-b261-1e5b9f1f584d,cluster_finds_real_source,"honeybook","the_knot","web_form","website",2,3,"2025-07-18T00:00:00+00:00"
f98fc12e-985e-4bb9-bedf-c9a285df0345,chain_wins,"website","","web_form","website",0,1,"2025-12-02T00:00:00+00:00"
60adc37a-9ff8-4eaa-9114-19d664c92375,chain_wins,"honeybook","","web_form","website",0,6,"2025-02-20T00:00:00+00:00"
aff561ca-0b7b-454f-a1f8-0aff3de64a1a,chain_wins,"website","","web_form","website",0,1,"2025-07-10T00:00:00+00:00"
8506380b-a50f-45a2-a48f-504c42072d96,cluster_finds_real_source,"honeybook","referral","web_form","website",1,4,"2026-03-02T00:00:00+00:00"
a9807568-14c4-494f-8cdd-9f815b0eebee,cluster_finds_real_source,"honeybook","zola","web_form","website",2,4,"2025-12-04T00:00:00+00:00"
50abb27d-30b5-4a81-907f-0e85cdc20fff,agree,"the_knot","the_knot","generic_csv","the_knot",1,1,"2025-07-09T21:05:00+00:00"
5d0aa17f-876f-4e78-9ad0-23125790939b,agree,"google","google","generic_csv","google",1,1,"2025-07-09T15:14:00+00:00"
6da29169-dd64-4ba0-8d07-93d2576fb76e,chain_wins,"website","","web_form","website",0,1,"2025-07-09T00:00:00+00:00"
cbaafc99-9a7a-46bf-8fd8-3360fe776436,chain_wins,"website","","web_form","website",0,1,"2025-07-04T00:00:00+00:00"
7f176c00-552e-42e1-a2b7-05f36ce3c8e6,cluster_finds_real_source,"generic_csv","the_knot","web_form","website",1,2,"2025-06-07T00:00:00+00:00"
745a9266-6bea-4cc3-a7a6-48af76782260,agree,"the_knot","the_knot","generic_csv","the_knot",1,1,"2025-12-01T22:36:00+00:00"
e6bd151d-7ea5-4819-b034-632cb274b4ab,chain_wins,"honeybook","","web_form","website",0,2,"2024-09-02T00:00:00+00:00"
018aa938-d5ec-4aeb-8ed3-98c129cad76e,chain_wins,"generic_csv","","generic_csv","the_knot",0,1,"2026-02-11T23:10:36+00:00"
e0430f6c-6c04-4827-9d8a-f7b79d14a534,cluster_finds_real_source,"calendly","google","generic_csv","google",1,2,"2026-04-03T17:08:00+00:00"
855041c4-88ed-4ba5-bf15-fa655af8cc2a,cluster_finds_real_source,"calendly","google","generic_csv","google",1,2,"2026-03-25T19:19:00+00:00"
4e9f4509-aecb-4bb1-a0a6-2d879a5c7436,chain_wins,"honeybook","","web_form","website",0,1,"2024-07-30T00:00:00+00:00"
e48e1d13-2eb6-4a50-8d0a-4d08c77ee5dc,chain_wins,"website","","web_form","website",0,1,"2025-11-30T00:00:00+00:00"
ed2dad8b-44d7-4811-bb61-b67df489925b,agree,"the_knot","the_knot","generic_csv","the_knot",1,1,"2025-11-29T23:14:00+00:00"
41ac3c33-5115-49d5-95dc-5abae457c528,chain_wins,"honeybook","","honeybook","honeybook",0,0,"2025-06-30T16:03:58+00:00"
1d5dcccc-dea8-47e3-8ef4-f24ced5243e7,agree,"the_knot","the_knot","generic_csv","the_knot",1,1,"2025-07-02T17:55:00+00:00"
1fd12a0f-228e-4364-be11-40876a7f68b3,agree,"the_knot","the_knot","generic_csv","the_knot",1,1,"2025-07-02T13:02:00+00:00"
c004f169-9434-432a-8884-f082f4e5b7aa,chain_wins,"website","","web_form","website",0,1,"2025-06-30T00:00:00+00:00"
6ad8df1b-d75c-4a0c-9921-228042595595,agree,"google","google","generic_csv","google",1,1,"2025-06-28T22:40:00+00:00"
59675ebb-0028-4eae-8506-85024aac19bd,chain_wins,"website","","web_form","website",0,1,"2025-06-25T00:00:00+00:00"
5a34f5f7-1529-4999-96d5-e6d5fe320abd,cluster_finds_real_source,"web_form","the_knot","generic_csv","the_knot",1,2,"2025-04-02T13:32:00+00:00"
323478a4-ac79-40a5-a613-5030b04878f0,chain_wins,"honeybook","","web_form","website",0,1,"2025-01-04T00:00:00+00:00"
c510649b-48e2-4257-92d3-93f7315402ad,chain_wins,"generic_csv","","generic_csv","venue_calculator",0,1,"2026-04-28T18:36:27+00:00"
b787b805-55de-4166-b4b1-f833199189b4,cluster_finds_real_source,"generic_csv","the_knot","generic_csv","the_knot",1,2,"2026-01-26T17:48:43+00:00"
c7dcd857-be30-4a3e-86d0-7026d26c08a7,agree,"the_knot","the_knot","","the_knot",13,18,"2026-04-05T18:42:08+00:00"
9139de3b-866b-4f0b-82ab-fb3b311545e9,cluster_finds_real_source,"calendly","the_knot","generic_csv","the_knot",1,2,"2026-04-02T22:45:00+00:00"
21f2d9c0-67b8-472c-9252-0e359b8af1c2,chain_wins,"honeybook","","web_form","website",0,1,"2024-07-06T00:00:00+00:00"
18a6d5d6-bf98-4afd-aea4-1b70ebc4d216,chain_wins,"honeybook","","web_form","website",0,1,"2024-06-02T00:00:00+00:00"
96c884a8-941f-40ee-8147-bfb4b82ccd83,chain_wins,"wedding_wire","","generic_csv","wedding_wire",0,0,"2025-11-20T01:47:00+00:00"
1afde0d3-4251-43a8-829a-5be71c698666,chain_wins,"website","","web_form","website",0,1,"2025-10-22T00:00:00+00:00"
d1d5b58f-6442-41ea-b39a-d3d1f43df221,chain_wins,"honeybook","","honeybook","honeybook",0,0,"2025-06-23T23:43:18+00:00"
4cf69f9d-eac9-46f6-81d2-0d351c37c1f8,cluster_finds_real_source,"web_form","the_knot","generic_csv","the_knot",1,2,"2025-12-22T03:35:00+00:00"
bd6e33c9-24ae-4d82-888b-fdb4360fc43b,cluster_finds_real_source,"website","google","generic_csv","google",1,1,"2026-04-30T23:52:00+00:00"
adf48ecc-e608-456a-b4ce-2d5bd74d9385,cluster_finds_real_source,"web_form","the_knot","generic_csv","the_knot",1,2,"2025-11-05T16:41:00+00:00"
f5640528-48b6-4f90-8149-e2b2b3aa4e7c,chain_wins,"website","","web_form","website",0,1,"2025-11-16T00:00:00+00:00"
1f6b43da-b145-419f-9c3f-8f0105624de7,cluster_finds_real_source,"generic_csv","referral","web_form","website",1,2,"2025-09-09T00:00:00+00:00"
6152e5c6-14e5-4991-b62c-603a174bb415,chain_wins,"website","","web_form","website",0,1,"2025-11-14T00:00:00+00:00"
57d4acc3-f01d-4fdd-aabf-505cddb0d1f2,cluster_finds_real_source,"calendly","referral","web_form","website",1,4,"2026-02-09T00:00:00+00:00"
19b001d2-11a9-4805-8793-07bf6c121c65,cluster_finds_real_source,"generic_csv","the_knot","web_form","website",1,2,"2025-04-19T00:00:00+00:00"
25ecbb0d-56c9-4e87-ad8d-28f4d96bdf54,chain_wins,"website","","web_form","website",0,1,"2024-07-31T00:00:00+00:00"
ae5fcd6f-8390-4751-a6cc-04684acd8b64,chain_wins,"website","","web_form","website",0,1,"2024-07-31T00:00:00+00:00"
c75e8e3b-455d-41d2-b87e-389d5402386d,cluster_finds_real_source,"generic_csv","the_knot","web_form","website",1,2,"2026-01-11T00:00:00+00:00"
506018bb-4818-40cb-b657-92343ab5bab2,chain_wins,"generic_csv","","web_form","website",0,1,"2025-10-16T00:00:00+00:00"
43405781-27fe-4072-b92f-aa9f5c317848,chain_wins,"honeybook","","web_form","website",0,1,"2024-12-06T00:00:00+00:00"
1ee2d0a2-f0f5-4e12-bbca-a5589841fc7c,both_null,"","","generic_csv","",0,0,"2025-11-15T15:26:00+00:00"
0193f1c7-3dad-40dc-833b-eab618e32ca0,both_null,"","","generic_csv","",0,0,"2025-06-23T18:57:00+00:00"
a28d7d28-2268-4c9f-b3f8-68bec7c176f3,both_null,"","","generic_csv","",0,0,"2025-06-19T13:52:00+00:00"
0b3e4301-97a0-42f1-ae70-9d3082f1619c,chain_wins,"honeybook","","honeybook","honeybook",0,0,"2025-01-11T14:44:15+00:00"
97f4301d-5479-4c16-9a45-c5e0da122abe,chain_wins,"website","","web_form","website",0,1,"2025-11-30T00:00:00+00:00"
8fa09fef-f4d2-442f-ac7e-120f8a38366f,cluster_finds_real_source,"generic_csv","as-npt105112517","web_form","website",1,2,"2025-09-09T00:00:00+00:00"
b25931e8-6c3d-404a-8c28-8b539657cac7,chain_wins,"generic_csv","","web_form","website",0,1,"2025-12-22T00:00:00+00:00"
c7f58948-c1b9-4c19-b867-aeb13ec18363,cluster_finds_real_source,"generic_csv","the_knot","web_form","website",2,4,"2025-08-29T00:00:00+00:00"
84ad1ba4-e948-435a-b2b5-1246d36250d8,agree,"the_knot","the_knot","generic_csv","the_knot",2,2,"2025-11-13T22:33:00+00:00"
0e6944f5-9a79-4dd5-9fb1-db50d8472e33,chain_wins,"website","","web_form","website",0,1,"2025-11-13T00:00:00+00:00"
7606bc71-d6b4-422d-a822-8ef804fb33cd,cluster_finds_real_source,"honeybook","referral","web_form","website",1,4,"2026-01-24T00:00:00+00:00"
2f2c76a5-e5ee-4d45-883a-8e6751429f6a,chain_wins,"generic_csv","","web_form","website",0,1,"2025-08-07T00:00:00+00:00"
7f3a2d37-7db1-4037-907f-42a7f4faff07,chain_wins,"website","","web_form","website",0,1,"2025-10-18T00:00:00+00:00"
782c73b2-7b06-41c8-8eda-4ae9df22a521,chain_wins,"website","","web_form","website",0,1,"2025-11-09T00:00:00+00:00"
8ca6ab64-e222-4c6e-9f0a-0f68d52bbebf,agree,"the_knot","the_knot","generic_csv","the_knot",1,1,"2025-11-08T14:18:00+00:00"
40e8bcdd-0f6a-4ad7-8fe5-5be4ebf0f1d4,chain_wins,"the_knot","","generic_csv","the_knot",0,0,"2025-11-06T19:16:00+00:00"
e96231d2-819f-4866-b9a4-027ad6b2a3a1,chain_wins,"honeybook","","web_form","website",0,1,"2025-01-08T00:00:00+00:00"
e9a40a96-877f-4c47-b77d-a8237fee9a57,agree,"google","google","generic_csv","google",1,1,"2025-11-04T03:14:00+00:00"
4087182c-21ae-46b8-82fa-9cb184903f3b,chain_wins,"website","","web_form","website",0,1,"2025-11-03T00:00:00+00:00"
0979c931-06b9-47b4-83f4-a1d5e65338c4,chain_wins,"website","","web_form","website",0,1,"2025-11-03T00:00:00+00:00"
18c85593-49e3-47b6-967f-e487a32aee1d,chain_wins,"honeybook","","honeybook","honeybook",0,0,"2025-06-17T23:50:20+00:00"
fb964091-eb1c-4419-b14d-4d08f2f7e03d,chain_wins,"website","","web_form","website",0,1,"2025-10-18T00:00:00+00:00"
8b0cbb88-4dd4-41d4-9a50-d92d07d8a647,both_null,"","","generic_csv","",0,0,"2025-11-02T17:13:00+00:00"
9df9f272-ce6d-448e-93d9-cf4e7bd6b8e6,both_null,"","","generic_csv","",0,0,"2025-10-13T14:52:00+00:00"
fa729f18-b15e-4cf5-9685-0cf577c12750,agree,"google","google","generic_csv","google",1,1,"2025-06-17T20:47:00+00:00"
b8059169-da28-40c3-81a4-994a862e0d35,chain_wins,"website","","web_form","website",0,1,"2025-06-17T00:00:00+00:00"
4d0488d4-0dd9-4b24-b09c-0f1982f839cf,agree,"the_knot","the_knot","generic_csv","the_knot",1,1,"2025-06-16T17:52:00+00:00"
8d3980cb-3438-496d-84a4-ba97da1ff7e3,cluster_finds_real_source,"calendly","google","generic_csv","google",1,2,"2026-04-05T21:22:00+00:00"
c29a4436-71ee-4285-8410-1aded15592ba,cluster_finds_real_source,"calendly","google","generic_csv","google",1,2,"2026-04-05T15:36:00+00:00"
9aa59e32-3e42-4081-b810-4bdb9dfb46d6,cluster_finds_real_source,"calendly","the_knot","generic_csv","the_knot",3,4,"2026-03-23T01:59:00+00:00"
4a510d2d-3a39-46e7-8ecd-582f1c50b728,cluster_finds_real_source,"calendly","the_knot","generic_csv","google",9,10,"2026-03-10T13:34:00+00:00"
e10d0cc4-6416-4556-b7fa-79e8e70464a3,chain_wins,"website","","web_form","website",0,1,"2025-10-31T00:00:00+00:00"
06dd921c-af36-435f-b515-31c0db9fa61f,chain_wins,"website","","","",0,6,"2026-03-11T23:04:39+00:00"
eb9a210a-8055-4950-aefe-30c900f37c00,agree,"the_knot","the_knot","generic_csv","the_knot",1,1,"2025-10-28T16:48:00+00:00"
f95fff41-df96-4904-9b5f-21a235121372,agree,"the_knot","the_knot","generic_csv","the_knot",1,1,"2025-10-13T13:45:00+00:00"
2e57e68a-3135-454b-97e1-4b164e99f2d4,agree,"google","google","generic_csv","google",1,1,"2025-10-13T01:31:00+00:00"
887d6758-fb53-4857-bfd7-90abed70328a,both_null,"","","generic_csv","",0,0,"2025-10-28T01:48:00+00:00"
34bf3528-e590-4e45-bb5f-4e471a2a0f96,both_null,"","","generic_csv","",0,0,"2025-10-03T23:08:00+00:00"
21793495-2ee0-4296-9062-fc31ba080f4c,agree,"google","google","generic_csv","google",2,2,"2025-06-15T21:54:00+00:00"
27616e26-d7d3-4886-9582-b1113b040370,agree,"google","google","generic_csv","google",1,1,"2025-06-11T23:50:00+00:00"
8d15f12d-5c19-4789-ac34-8c12e627c30d,chain_wins,"website","","web_form","website",0,1,"2025-06-11T00:00:00+00:00"
0c729b81-b4ee-49e2-85f8-4fdd98a6938a,chain_wins,"website","","web_form","website",0,1,"2025-06-11T00:00:00+00:00"
cb8d4d4b-0df5-4581-a31d-de8e62c56d90,agree,"the_knot","the_knot","generic_csv","the_knot",2,2,"2025-06-10T18:19:00+00:00"
3a72397d-4156-40f6-88aa-f683615f69ba,chain_wins,"website","","web_form","website",0,1,"2025-06-10T00:00:00+00:00"
b48f9e52-4f3a-4ba8-a952-f9338fba6557,agree,"google","google","generic_csv","google",1,1,"2025-06-09T23:44:00+00:00"
d17fd323-e2ea-44ab-9c75-8832fb79d76f,agree,"the_knot","the_knot","generic_csv","the_knot",1,1,"2025-06-04T19:27:00+00:00"
a7229d86-2098-4c5a-b9c5-59ddf1eb93fc,chain_wins,"wedding_wire","","generic_csv","wedding_wire",0,0,"2025-06-03T15:53:00+00:00"
9d1356cc-91a5-4361-a20a-694a73423dc7,cluster_finds_real_source,"calendly","the_knot","generic_csv","the_knot",1,2,"2026-03-28T16:01:00+00:00"
85e046c5-d7e7-4574-ac62-e6dbdb577978,cluster_finds_real_source,"calendly","the_knot","generic_csv","google",3,5,"2026-03-28T16:07:00+00:00"
d8e25b31-5959-4e21-8261-4e93f62b3a7d,cluster_finds_real_source,"calendly","the_knot","generic_csv","the_knot",1,2,"2026-04-07T00:51:00+00:00"
d6609895-cfbf-4eb5-b5cf-eee736d557a3,cluster_finds_real_source,"calendly","google","generic_csv","google",2,4,"2026-04-15T18:18:00+00:00"
3c52ee95-cc25-40d7-92de-7e3648000319,agree,"google","google","generic_csv","google",1,1,"2025-07-15T21:39:00+00:00"
d7f3e4cb-a4b9-4bd6-aab0-67f23d568b6d,cluster_finds_real_source,"calendly","the_knot","generic_csv","the_knot",3,4,"2026-01-27T20:35:00+00:00"
f4d2392f-a8e2-401f-b872-fd5d9aa162bf,chain_wins,"calendly","","generic_csv","wedding_wire",0,1,"2026-03-02T00:50:00+00:00"
41ade0ee-0594-4310-8486-38e6eef333ec,cluster_finds_real_source,"calendly","the_knot","generic_csv","the_knot",7,8,"2026-03-01T01:09:00+00:00"
3e1c3f37-0cb5-48f0-b6c1-ecc8b2757709,cluster_finds_real_source,"calendly","the_knot","generic_csv","the_knot",4,6,"2026-01-18T21:28:00+00:00"
dce937fe-7bd9-458c-a565-076028bcf994,cluster_finds_real_source,"calendly","the_knot","generic_csv","the_knot",3,5,"2025-06-24T12:01:00+00:00"
d9444f9f-1d76-4dca-8523-384c09a4bf7d,cluster_finds_real_source,"calendly","the_knot","web_form","website",5,9,"2026-02-13T00:00:00+00:00"
93e46d51-2879-4c35-8ce6-cc88ecd1b3a5,chain_wins,"honeybook","","web_form","website",0,1,"2024-07-29T00:00:00+00:00"
e1a6ca5c-25e7-4d49-a231-ff59fc235758,chain_wins,"website","","web_form","website",0,1,"2025-06-03T00:00:00+00:00"
59913588-2a91-41f0-88f7-176d23a436b7,chain_wins,"website","","web_form","website",0,1,"2025-06-01T00:00:00+00:00"
06c0efda-a44c-4deb-a673-6da53fb5c5ad,agree,"the_knot","the_knot","generic_csv","the_knot",1,1,"2025-05-28T15:27:00+00:00"
4725d5d9-bbe5-490d-852f-b78219d0a1fb,cluster_finds_real_source,"calendly","the_knot","web_form","website",1,4,"2025-10-20T00:00:00+00:00"
beb76f2b-90c3-448a-b2ee-808332eb0b7e,agree,"google","google","generic_csv","google",1,1,"2025-10-17T23:26:00+00:00"
6bed9252-20b7-4601-b137-9025c89e617d,chain_wins,"website","","web_form","website",0,1,"2025-10-17T00:00:00+00:00"
f598db2a-8ac4-4dae-9566-af597745553c,chain_wins,"website","","web_form","website",0,1,"2025-10-16T00:00:00+00:00"
fb9d256e-94f1-408a-a7cf-0db3c1d721a2,chain_wins,"website","","web_form","website",0,1,"2025-09-30T00:00:00+00:00"
3539db98-0394-4d49-bc7f-1de8731285fa,chain_wins,"honeybook","","honeybook","honeybook",0,0,"2025-09-26T14:49:41+00:00"
40e59964-bd9a-4348-856a-538fcb1a0962,chain_wins,"honeybook","","honeybook","honeybook",0,0,"2025-09-21T22:04:03+00:00"
e9dd61a2-197a-4a93-8fe2-69a7a1e9e472,chain_wins,"website","","web_form","website",0,1,"2025-05-19T00:00:00+00:00"
a33158a9-14f5-4472-a90e-c5430fa24aa2,chain_wins,"website","","web_form","website",0,1,"2025-05-18T00:00:00+00:00"
4a572be5-56ce-41c9-be8a-ddcfa73d4762,chain_wins,"website","","web_form","website",0,1,"2025-05-12T00:00:00+00:00"
fb5c2542-a3ef-4876-aef9-fdd45dae9e25,chain_wins,"wedding_wire","","generic_csv","wedding_wire",0,0,"2025-05-08T03:41:00+00:00"
16e34521-7591-4bfd-8459-b55fabb2fd7d,both_null,"","","generic_csv","",0,0,"2025-10-17T21:58:00+00:00"
dd07a1d6-eb1c-4483-8e92-ea6d0470d7f8,both_null,"","","generic_csv","",0,0,"2025-09-26T09:48:00+00:00"
c3b8c428-c4b0-4aee-a965-94b4e0760d8b,both_null,"","","generic_csv","",0,0,"2025-09-12T16:14:00+00:00"
da1ae026-d633-4cfb-bad0-8ddadca01878,both_null,"","","generic_csv","",0,0,"2025-05-25T12:15:00+00:00"
0238d9e0-3890-4db9-bf63-a9fb060b2010,agree,"google","google","generic_csv","google",1,1,"2025-09-27T15:07:00+00:00"
d7fb714d-cbd8-4ac7-99c7-ed428c8a1d6a,chain_wins,"website","","web_form","website",0,1,"2025-09-11T00:00:00+00:00"
f67d25d1-f6c1-4886-b3c7-e146b1b0d01c,chain_wins,"wedding_wire","","generic_csv","wedding_wire",0,0,"2025-09-10T19:14:00+00:00"
7433d6d5-57fc-4b6c-b8b5-2863a0099163,agree,"the_knot","the_knot","generic_csv","the_knot",1,1,"2025-09-10T01:13:00+00:00"
dc6575d0-dbbd-47ae-969a-369dfdab7a0f,chain_wins,"website","","web_form","website",0,1,"2025-09-10T00:00:00+00:00"
ad6ae032-7e2c-47d5-95b4-ba6eaf0b080c,agree,"google","google","generic_csv","google",1,1,"2025-09-09T18:07:00+00:00"
4ecff7bd-3793-44fe-baf8-ca6d915a4d04,both_null,"","","generic_csv","",0,0,"2025-09-27T18:23:00+00:00"
1cf014ac-9493-4e45-b3a1-a212ae813811,both_null,"","","generic_csv","",0,0,"2025-09-27T15:19:00+00:00"
17730fe0-14d4-42c6-be9a-108b7a353df1,both_null,"","","generic_csv","",0,0,"2025-09-11T14:35:00+00:00"
0eb17b9e-2e39-456a-92c8-03edc97952fe,chain_wins,"website","","web_form","website",0,1,"2025-05-07T00:00:00+00:00"
89a6dfd2-c434-43e7-8010-c8233fa36da6,chain_wins,"website","","web_form","website",0,1,"2025-05-05T00:00:00+00:00"
5203614d-43c0-4fdf-afa4-cca52accbce6,chain_wins,"website","","web_form","website",0,1,"2025-05-01T00:00:00+00:00"
03c4dcfb-c023-48c9-b1ff-ed6fe0775455,agree,"google","google","generic_csv","google",1,1,"2025-04-23T20:02:00+00:00"
1de54aa0-6935-4fb3-a2a3-91f84bab99a2,chain_wins,"website","","web_form","website",0,1,"2025-04-23T00:00:00+00:00"
7ef89c5e-4380-43bb-a329-87f88802a124,chain_wins,"website","","web_form","website",0,1,"2025-04-23T00:00:00+00:00"
0bee31ae-97c9-4ee2-8145-9c20cab6e4cf,chain_wins,"website","","web_form","website",0,1,"2025-04-21T00:00:00+00:00"
1c3e0eaa-0dba-4d7f-b44b-3dfb8c03a529,chain_wins,"website","","web_form","website",0,1,"2025-04-18T00:00:00+00:00"
84311cf0-67c1-4089-af6a-29a0f03cfd08,agree,"referral","referral","generic_csv","referral",1,1,"2025-09-05T15:27:00+00:00"
fdd98578-c017-478f-853c-01f304ee4df5,chain_wins,"website","","web_form","website",0,1,"2025-09-05T00:00:00+00:00"
4eafec64-f362-4539-8217-7a3c9d999ea4,chain_wins,"honeybook","","honeybook","honeybook",0,0,"2025-08-10T12:52:41+00:00"
4baae20e-dc11-4ff2-a11f-6845f6372e56,agree,"the_knot","the_knot","generic_csv","the_knot",1,1,"2025-08-25T15:33:00+00:00"
c9f63b34-6b7c-4c2e-b3ea-79ddb1f2ce59,chain_wins,"the_knot","","generic_csv","the_knot",0,0,"2025-08-16T14:32:00+00:00"
08d6ffd4-7e22-43c2-9668-bd3c14b32573,both_null,"","","generic_csv","",0,0,"2025-09-04T22:00:00+00:00"
ffdac6df-82ca-49d4-9d8e-357b6214c3f1,both_null,"","","generic_csv","",0,0,"2025-08-15T17:44:00+00:00"
7cf57c35-c4c5-4811-b857-a9e5bbb19d75,chain_wins,"website","","web_form","website",0,1,"2025-04-13T00:00:00+00:00"
4246bf46-7d93-46c2-944a-0f5553e0e2dc,chain_wins,"website","","web_form","website",0,1,"2025-03-30T00:00:00+00:00"
57255f42-4082-4bb6-9d10-9689115e7c7e,chain_wins,"website","","web_form","website",0,1,"2025-03-28T00:00:00+00:00"
db56bce7-e274-4715-81a4-08a0fb37ac7f,chain_wins,"website","","web_form","website",0,1,"2025-03-17T00:00:00+00:00"
2dd284b8-2fa7-4e00-87eb-225d49bf6dcc,chain_wins,"website","","web_form","website",0,1,"2025-03-16T00:00:00+00:00"
faddd5d6-1567-4357-ade6-1f5ca514fa71,chain_wins,"website","","web_form","website",0,1,"2025-03-15T00:00:00+00:00"
4693abec-756e-4f27-b44f-13efce0dab31,chain_wins,"website","","web_form","website",0,1,"2025-03-12T00:00:00+00:00"
a9be7d7c-9221-4769-87be-7fd465d5b153,chain_wins,"website","","web_form","website",0,1,"2025-08-19T00:00:00+00:00"
3d7c062a-081b-41ea-b00d-f741070a1035,chain_wins,"website","","web_form","website",0,1,"2025-08-10T00:00:00+00:00"
8dc1015f-53a5-4fce-878f-4818940b8719,chain_wins,"website","","web_form","website",0,1,"2025-08-09T00:00:00+00:00"
67ee6b26-4584-4001-9917-9091709fc67e,agree,"google","google","generic_csv","google",1,1,"2025-08-08T01:55:00+00:00"
8ca2ec05-354e-47ca-bb34-2eb7f5e50e56,agree,"google","google","generic_csv","google",1,1,"2025-08-06T21:22:00+00:00"
21f76745-d335-40d2-aa66-43cfc7f477c5,both_null,"","","generic_csv","",0,0,"2025-08-19T17:50:00+00:00"
e7a9198b-032f-4b7f-9b01-6ba61438d64a,both_null,"","","generic_csv","",0,0,"2025-08-07T13:56:00+00:00"
f1fcf227-bbc2-4105-b2b6-2add5ea1e8d8,both_null,"","","generic_csv","",0,0,"2025-08-05T21:44:00+00:00"
73667a63-40e3-4cdc-9ecd-46e6def22c5a,chain_wins,"website","","web_form","website",0,1,"2025-03-11T00:00:00+00:00"
5fcaa62c-1e7d-461c-97b2-212595583bef,chain_wins,"website","","web_form","website",0,1,"2025-03-09T00:00:00+00:00"
7a6cf5fd-2903-41e8-9ab4-8678a078cfd7,chain_wins,"website","","web_form","website",0,1,"2025-03-03T00:00:00+00:00"
4f70593f-2e36-4bfc-a838-197014b82581,chain_wins,"website","","web_form","website",0,1,"2025-03-01T00:00:00+00:00"
620451c2-4aec-4bfe-a790-27c37b7c8a7e,chain_wins,"website","","web_form","website",0,1,"2025-02-27T00:00:00+00:00"
3c08a891-3594-44b9-b9d6-9fb43ca43a11,chain_wins,"website","","web_form","website",0,1,"2025-02-26T00:00:00+00:00"
3c5b0b55-68ad-4f84-96b9-57a24b905de4,chain_wins,"website","","web_form","website",0,1,"2025-02-24T00:00:00+00:00"
65ef5e6c-0ab6-4ff0-9374-451cb07e9b48,chain_wins,"website","","web_form","website",0,1,"2025-02-23T00:00:00+00:00"
a2e194af-c27a-4ff5-85aa-6853e3690113,chain_wins,"website","","web_form","website",0,1,"2025-08-04T00:00:00+00:00"
5b9d5f0c-0275-45cb-99e9-72d60c6dfbcd,agree,"google","google","generic_csv","google",1,1,"2025-07-22T22:28:00+00:00"
2b01d505-9c7b-4ea2-b1f8-6cd1f648a9e0,chain_wins,"honeybook","","honeybook","honeybook",0,0,"2025-07-13T18:06:43+00:00"
06410c63-7deb-4944-bd58-d91d97eedef5,both_null,"","","generic_csv","",0,0,"2025-08-04T22:12:00+00:00"
db2ca36f-7789-457f-8f89-5ac3fb155e68,chain_wins,"website","","web_form","website",0,1,"2025-02-22T00:00:00+00:00"
e889b372-6664-42f9-bb8b-56ad4f343c9a,chain_wins,"website","","web_form","website",0,1,"2025-02-22T00:00:00+00:00"
aa74e37b-bf89-40ff-b8b1-2b9e0d693840,chain_wins,"website","","web_form","website",0,1,"2025-02-19T00:00:00+00:00"
31c9418a-62b1-405a-b01c-349fc33d0928,chain_wins,"website","","web_form","website",0,1,"2025-02-19T00:00:00+00:00"
ba750a33-f56f-4ce2-8a58-dff4ca46244a,chain_wins,"website","","web_form","website",0,1,"2025-02-19T00:00:00+00:00"
4f8a509f-2445-404d-b4f3-d17655a096c3,chain_wins,"website","","web_form","website",0,1,"2025-02-19T00:00:00+00:00"
fce65304-64da-4202-8665-ad82a2b1d661,chain_wins,"website","","web_form","website",0,1,"2025-02-14T00:00:00+00:00"
5d957f51-edfe-468d-988e-078d3d125101,chain_wins,"website","","web_form","website",0,1,"2025-02-14T00:00:00+00:00"
e1f99fc8-d503-4515-9c83-8c23975aa708,chain_wins,"website","","web_form","website",0,1,"2025-02-10T00:00:00+00:00"
d53e9f90-3ca1-4524-8d68-ced15dfd30cb,chain_wins,"website","","web_form","website",0,1,"2025-02-05T00:00:00+00:00"
510414f7-ae79-43ba-817f-91cfb369e516,chain_wins,"website","","web_form","website",0,1,"2025-02-03T00:00:00+00:00"
1af981d3-4ef0-40a2-b2ec-ea7f3a1086b7,chain_wins,"website","","web_form","website",0,1,"2025-02-03T00:00:00+00:00"
b5ee473a-25b3-4855-af08-385a5655cdef,chain_wins,"website","","web_form","website",0,1,"2025-02-01T00:00:00+00:00"
d29abbb7-57b3-4dbe-9ea8-93e1741df45d,chain_wins,"website","","web_form","website",0,1,"2025-01-30T00:00:00+00:00"
1ef160e9-7758-4c60-a914-1b6235d0b42f,chain_wins,"website","","web_form","website",0,1,"2025-01-29T00:00:00+00:00"
526b835d-c676-441b-8979-e024c035edd0,agree,"the_knot","the_knot","generic_csv","the_knot",1,1,"2025-07-14T21:34:00+00:00"
92739be1-cf56-43d3-9fb2-221b81ee3053,chain_wins,"website","","web_form","website",0,1,"2025-01-27T00:00:00+00:00"
e3fa255a-09a8-4e20-9572-a579f3f73e7b,chain_wins,"website","","web_form","website",0,1,"2025-01-26T00:00:00+00:00"
edc7ad94-3f7e-4c38-8c7c-366d1bef1545,agree,"the_knot","the_knot","generic_csv","the_knot",2,2,"2025-07-14T17:17:00+00:00"
bf5d2361-efdf-4ffa-acb1-c5d2d47b0737,chain_wins,"website","","web_form","website",0,1,"2025-01-24T00:00:00+00:00"
9e71a468-dcae-43a8-ac34-b104c4aa736c,chain_wins,"website","","web_form","website",0,1,"2025-01-23T00:00:00+00:00"
b143b9f6-325a-4164-b3ce-40f68531cf23,chain_wins,"website","","web_form","website",0,1,"2025-01-23T00:00:00+00:00"
53ee66fb-f026-45a3-a2f8-33185f7b89db,chain_wins,"website","","web_form","website",0,1,"2025-01-15T00:00:00+00:00"
01e0c3c2-7baa-4301-bc04-75062dbf5274,chain_wins,"website","","web_form","website",0,1,"2025-01-15T00:00:00+00:00"
c4f52bb6-fb01-490d-9354-eea961969418,chain_wins,"website","","web_form","website",0,1,"2025-07-01T00:00:00+00:00"
45696a57-3339-456c-96ee-631edcdde9bf,chain_wins,"website","","web_form","website",0,1,"2025-06-30T00:00:00+00:00"
829a34bc-754b-4965-a3f6-ea20603d22d4,chain_wins,"website","","web_form","website",0,1,"2025-06-30T00:00:00+00:00"
49092f1b-defe-410d-a129-f8d0e535e669,chain_wins,"website","","web_form","website",0,1,"2025-01-15T00:00:00+00:00"
c64ef4df-31d5-43ec-8962-a7ac708d7d21,both_null,"","","generic_csv","",0,0,"2025-07-02T12:50:00+00:00"
d6c4dbcd-222c-4e5d-aed1-b2f51627f857,both_null,"","","generic_csv","",0,0,"2025-06-29T19:34:00+00:00"
d9d059a9-2684-4f21-b2f3-7525890baf10,chain_wins,"website","","web_form","website",0,1,"2025-01-29T00:00:00+00:00"
a3b6a115-d8b1-4324-890c-037fcbbbacca,chain_wins,"website","","web_form","website",0,1,"2025-01-27T00:00:00+00:00"
1973ecbe-6e66-40e3-8739-16aef48f5c4d,chain_wins,"website","","web_form","website",0,1,"2025-01-12T00:00:00+00:00"
6e1cb89d-0d79-48c0-bda2-81b672090548,agree,"google","google","generic_csv","google",1,1,"2025-06-23T19:11:00+00:00"
9702c32a-0ca5-4884-b3d9-5516ff32b49c,chain_wins,"website","","web_form","website",0,1,"2025-01-12T00:00:00+00:00"
546d8ec8-22e8-4b9c-90b5-b12b8adf169c,chain_wins,"website","","web_form","website",0,1,"2025-01-11T00:00:00+00:00"
94555928-4039-4099-a14c-4605e417e312,chain_wins,"website","","web_form","website",0,1,"2025-06-23T00:00:00+00:00"
74a1f9f9-28d5-4731-b796-9ccc9fa06dd9,chain_wins,"website","","web_form","website",0,1,"2025-06-09T00:00:00+00:00"
f335352c-b897-4a9e-a868-13d214d95ba5,chain_wins,"website","","web_form","website",0,1,"2025-01-11T00:00:00+00:00"
08513d3a-49f4-4a83-8411-ab9cd70a1b7e,chain_wins,"website","","web_form","website",0,1,"2025-01-10T00:00:00+00:00"
e8e78646-75c9-4978-9b24-6e831b49cf29,chain_wins,"website","","web_form","website",0,1,"2025-01-10T00:00:00+00:00"
09b62f1c-28f5-4109-b4b5-e84bf951afb4,chain_wins,"website","","web_form","website",0,1,"2025-01-09T00:00:00+00:00"
7302f4c2-7fb7-49bf-8b75-70a601b7ff15,chain_wins,"website","","web_form","website",0,1,"2025-06-09T00:00:00+00:00"
4e2aec29-6399-4337-90bb-f84eb67fe586,agree,"google","google","generic_csv","google",2,2,"2025-06-08T18:55:00+00:00"
9855b519-b23a-4677-9799-2fd1dadb4b06,both_null,"","","generic_csv","",0,0,"2025-05-28T21:01:00+00:00"
6f30b3a1-df52-47de-8f8d-ac48e527be66,both_null,"","","generic_csv","",0,0,"2025-05-27T15:34:00+00:00"
c2fb5c5d-0a0f-42ee-b157-261d6f257a7d,both_null,"","","generic_csv","",0,0,"2025-05-26T23:32:00+00:00"
75a4b51f-c4bf-4031-8b94-5e09791c5978,both_null,"","","generic_csv","",0,0,"2025-05-13T20:04:00+00:00"
538fa59e-c707-4be4-950c-54f01c757826,both_null,"","","generic_csv","",0,0,"2025-05-06T04:00:00+00:00"
34c86bd2-4360-4080-b191-36c2a49c06e8,agree,"google","google","generic_csv","google",1,1,"2025-05-23T23:51:00+00:00"
4b180a21-3fe3-49ae-87a0-9ad61e2c9dc0,chain_wins,"website","","web_form","website",0,1,"2025-01-08T00:00:00+00:00"
d27d4396-ca76-492e-9e81-929062d24c26,chain_wins,"website","","web_form","website",0,1,"2025-01-04T00:00:00+00:00"
b2ec992c-be27-4065-be22-768b5e927629,chain_wins,"website","","web_form","website",0,1,"2025-01-03T00:00:00+00:00"
b8afb411-26cf-47b8-8b5a-2cf8b244bee6,chain_wins,"website","","web_form","website",0,1,"2025-05-23T00:00:00+00:00"
f4368aa2-90a3-4723-9d60-c06861f58288,chain_wins,"wedding_wire","","generic_csv","wedding_wire",0,0,"2025-05-22T22:26:00+00:00"
43913980-c898-42e0-82ba-7868818510dc,agree,"referral","referral","generic_csv","referral",1,1,"2025-05-21T13:29:00+00:00"
dd924fd6-7b89-49d4-9d6d-e8ad436a05ed,chain_wins,"website","","web_form","website",0,1,"2024-12-31T00:00:00+00:00"
e551d111-b7ca-48de-8427-d6c60d76df98,chain_wins,"honeybook","","honeybook","honeybook",0,0,"2025-03-26T01:00:24+00:00"
eccff159-2069-40a0-84f9-a6c0418150a2,chain_wins,"website","","web_form","website",0,1,"2025-05-04T00:00:00+00:00"
4684ed10-e540-4886-912b-862d6bd03f67,agree,"referral","referral","generic_csv","referral",1,1,"2025-05-03T14:46:00+00:00"
91147ded-b18c-4ba4-8f83-340aa47720dd,agree,"the_knot","the_knot","generic_csv","the_knot",1,1,"2025-05-03T01:12:00+00:00"
2b02c3b5-9ade-406c-a10e-b12b8ae70963,both_null,"","","generic_csv","",0,0,"2025-05-04T16:29:00+00:00"
e0fdce4c-112d-446e-8319-512fe147c449,chain_wins,"website","","web_form","website",0,1,"2025-04-15T00:00:00+00:00"
ab74aef2-7480-4d99-b9dc-a05677bcdc2a,chain_wins,"website","","web_form","website",0,1,"2025-04-10T00:00:00+00:00"
2212ced7-1312-4f3c-91b3-64d8dedad701,chain_wins,"website","","web_form","website",0,1,"2025-04-03T00:00:00+00:00"
5c880ec3-699a-42d4-9211-8773559d5428,chain_wins,"website","","web_form","website",0,1,"2025-04-02T00:00:00+00:00"
f23d8b4e-59b2-4bca-8a60-a053f7cf908d,agree,"the_knot","the_knot","generic_csv","the_knot",2,2,"2025-04-01T20:21:00+00:00"
ffb3904e-c0f5-4eef-af82-783edb30a854,chain_wins,"website","","web_form","website",0,1,"2025-03-30T00:00:00+00:00"
7111feea-0ea8-4646-89e3-540bed749549,chain_wins,"website","","web_form","website",0,1,"2025-03-26T00:00:00+00:00"
d9df9031-f41d-4768-a728-a0270bfd71eb,chain_wins,"website","","web_form","website",0,1,"2024-12-31T00:00:00+00:00"
82ae35ad-e132-47b9-b3fb-a32ae69292b8,chain_wins,"website","","web_form","website",0,1,"2024-12-30T00:00:00+00:00"
89b4a9fa-f708-4bf0-ab6f-132a3ff59caa,chain_wins,"website","","web_form","website",0,1,"2024-12-25T00:00:00+00:00"
838f4123-2bce-490e-87e2-3e6aed91b9a6,chain_wins,"website","","web_form","website",0,1,"2024-12-23T00:00:00+00:00"
77d7a254-74b7-4787-bb66-1cd15e180d18,chain_wins,"honeybook","","honeybook","honeybook",0,0,"2024-12-22T23:29:13+00:00"
bb7f1f7e-3f31-4e68-a368-39115892668d,chain_wins,"honeybook","","honeybook","honeybook",0,0,"2024-07-26T14:33:10+00:00"
75f19e9d-1856-42bc-8beb-1fefb133287e,both_null,"","","generic_csv","",0,0,"2025-03-27T18:42:00+00:00"
6efaeaaf-d21a-496c-abe4-574834b84a8b,chain_wins,"website","","web_form","website",0,1,"2025-03-04T00:00:00+00:00"
bc5a19cc-6105-4a3e-99c0-694f0c385270,chain_wins,"website","","web_form","website",0,1,"2025-03-03T00:00:00+00:00"
922ad49b-1bc6-4156-974b-43b681c498e8,chain_wins,"website","","web_form","website",0,1,"2025-03-02T00:00:00+00:00"
28feb8e7-3733-4095-b020-dfe8f1f0f92e,chain_wins,"website","","web_form","website",0,1,"2024-12-19T00:00:00+00:00"
01e1ac59-ff24-477c-8d1d-1e81624c266f,chain_wins,"website","","web_form","website",0,1,"2024-12-17T00:00:00+00:00"
16a8a6a7-2910-4673-b595-163b1275a4a7,chain_wins,"honeybook","","honeybook","honeybook",0,0,"2025-02-10T19:32:00+00:00"
f7cc0065-d361-4641-85e0-ff52ffe9804c,chain_wins,"honeybook","","honeybook","honeybook",0,0,"2024-12-21T00:56:06+00:00"
6dc420c3-a7b9-44bb-b727-9865e892bf00,chain_wins,"honeybook","","honeybook","honeybook",0,0,"2024-12-19T00:39:47+00:00"
51b76fab-4f0a-4ee1-8332-170b5d6d2752,chain_wins,"honeybook","","honeybook","honeybook",0,0,"2024-12-14T17:56:09+00:00"
e556055f-2084-4794-86a6-574da70f8647,chain_wins,"honeybook","","honeybook","honeybook",0,0,"2024-12-05T22:26:13+00:00"
6fabbfcb-2db3-4e41-9246-c76f6aa699b4,chain_wins,"honeybook","","honeybook","honeybook",0,0,"2024-11-26T16:08:03+00:00"
eeebdb42-24f3-4677-ab2f-782bcb89708a,chain_wins,"website","","web_form","website",0,1,"2024-12-14T00:00:00+00:00"
29fac1c6-53e2-4810-ba6d-de580ad24fe7,chain_wins,"website","","web_form","website",0,1,"2024-12-13T00:00:00+00:00"
5b21fd72-7068-4ef0-a1e4-6ce266f9dcc4,chain_wins,"website","","web_form","website",0,1,"2024-12-03T00:00:00+00:00"
c3bd2813-c0ee-4cac-82a3-c14c21cdafe5,chain_wins,"website","","web_form","website",0,1,"2024-12-02T00:00:00+00:00"
77a016ab-81fd-4fe2-b0a1-395cdd8972d6,chain_wins,"website","","web_form","website",0,1,"2024-11-25T00:00:00+00:00"
2b452fd6-13d9-4bb8-929a-9ec43280425b,chain_wins,"website","","web_form","website",0,1,"2024-11-11T00:00:00+00:00"
9986b133-bcf2-471e-8f29-cc9b89b621be,chain_wins,"website","","web_form","website",0,1,"2024-11-07T00:00:00+00:00"
9a71a084-ee7c-473f-a76c-b1532c087f22,chain_wins,"website","","web_form","website",0,1,"2024-11-05T00:00:00+00:00"
b7b45980-0885-4658-bfcb-55263af8c266,chain_wins,"website","","web_form","website",0,1,"2024-10-30T00:00:00+00:00"
f4681d98-ca34-4b95-8679-549dfe28ca05,chain_wins,"website","","web_form","website",0,1,"2025-02-10T00:00:00+00:00"
40924afb-e2eb-41fb-a18c-395513d452f8,chain_wins,"website","","web_form","website",0,1,"2025-02-10T00:00:00+00:00"
23115ca6-a4a7-4a55-bb04-c63bbad27aeb,chain_wins,"website","","web_form","website",0,1,"2025-02-09T00:00:00+00:00"
67c35c87-c9d1-4f05-a610-271fa35cdd64,chain_wins,"website","","web_form","website",0,1,"2025-02-07T00:00:00+00:00"
d49322ca-782f-4355-9ef8-1a731b8c72a8,chain_wins,"website","","web_form","website",0,1,"2024-10-30T00:00:00+00:00"
5a513c8c-5ec8-4419-b2b3-e66ef7bb4480,chain_wins,"website","","web_form","website",0,1,"2024-10-29T00:00:00+00:00"
29858eb7-e318-4102-8e84-6d135e43ad5a,chain_wins,"website","","web_form","website",0,1,"2024-10-28T00:00:00+00:00"
6674e8ff-1589-4ca5-83ba-e14527397cc5,chain_wins,"website","","web_form","website",0,1,"2024-10-27T00:00:00+00:00"
b8ca1236-3b09-41ee-9a02-6935bfb0ab3d,chain_wins,"honeybook","","honeybook","honeybook",0,0,"2025-01-02T12:58:09+00:00"
9f1186d1-cc64-4514-81b1-2771f9316443,chain_wins,"website","","web_form","website",0,1,"2024-10-25T00:00:00+00:00"
fba5c40b-5ec9-4acf-9ad5-acf81c19d040,chain_wins,"website","","web_form","website",0,1,"2024-10-23T00:00:00+00:00"
f76039c2-8419-4377-a590-0e6d4aed23d7,chain_wins,"website","","web_form","website",0,1,"2024-10-20T00:00:00+00:00"
b63272dc-fa74-4a16-b7cd-aa801d9485fe,chain_wins,"website","","web_form","website",0,1,"2024-10-17T00:00:00+00:00"
e3c5f9b1-0836-4bde-8ec2-69b9000e706b,chain_wins,"website","","web_form","website",0,1,"2024-10-15T00:00:00+00:00"
06226259-050d-49a5-8cc0-a0f1e7225388,chain_wins,"website","","web_form","website",0,1,"2024-10-13T00:00:00+00:00"
982db7a5-88eb-4cab-9eba-c5a2dab28b2a,chain_wins,"honeybook","","honeybook","honeybook",0,0,"2025-01-20T23:23:35+00:00"
30ac0ebe-7fd5-418f-838d-b80763abbfcb,chain_wins,"website","","web_form","website",0,1,"2025-01-20T00:00:00+00:00"
49d8b8af-52ac-4963-a591-e49db4a4d0a3,chain_wins,"website","","web_form","website",0,1,"2025-01-19T00:00:00+00:00"
b86af577-4e09-4092-ab15-ca1adefc5e57,chain_wins,"website","","web_form","website",0,1,"2025-01-17T00:00:00+00:00"
22f25061-4024-4673-8cde-4388edda852a,chain_wins,"website","","web_form","website",0,1,"2025-01-17T00:00:00+00:00"
36345309-0894-4efe-a060-a9a8a886c264,chain_wins,"honeybook","","honeybook","honeybook",0,0,"2025-01-20T01:06:44+00:00"
bc643584-0c39-4642-aa59-fd4bffadbccd,chain_wins,"honeybook","","honeybook","honeybook",0,0,"2025-01-13T02:02:27+00:00"
c59ee6a1-3746-404a-9736-82106239d221,chain_wins,"honeybook","","honeybook","honeybook",0,0,"2025-01-07T14:28:26+00:00"
9609e75c-3d44-4035-8b0d-bfdd68c54a80,chain_wins,"website","","web_form","website",0,1,"2024-10-10T00:00:00+00:00"
7d5d22b7-5478-4525-9306-e025c76cb1b8,chain_wins,"website","","web_form","website",0,1,"2024-10-10T00:00:00+00:00"
c0dd913c-d9c0-4461-94c8-9f69ec4e79c4,chain_wins,"website","","web_form","website",0,1,"2024-10-09T00:00:00+00:00"
47977056-4b1c-4640-b46c-76cbd47e843d,chain_wins,"website","","web_form","website",0,1,"2024-10-03T00:00:00+00:00"
2046feec-a39c-43fa-9458-dbaae0d11f46,chain_wins,"website","","web_form","website",0,1,"2024-10-02T00:00:00+00:00"
3247a6b8-8466-45af-a793-17c11dbb2491,chain_wins,"website","","web_form","website",0,1,"2024-10-02T00:00:00+00:00"
c33d2238-0b27-42b7-86c9-6e07178001d0,chain_wins,"website","","web_form","website",0,1,"2025-01-07T00:00:00+00:00"
482c9685-2087-4500-b8ea-1a4359080728,chain_wins,"website","","web_form","website",0,1,"2025-01-07T00:00:00+00:00"
2d1da72c-6a6f-4ce2-a682-ba0817d58e36,chain_wins,"website","","web_form","website",0,1,"2025-01-06T00:00:00+00:00"
285568d3-c37e-464e-850d-014aff55ae72,chain_wins,"website","","web_form","website",0,1,"2024-10-01T00:00:00+00:00"
8a0da93e-87f7-4e04-adf6-06b7f53b4d70,chain_wins,"website","","web_form","website",0,1,"2024-09-25T00:00:00+00:00"
2248e600-5235-4d2b-a2a1-6abe4ede2e27,chain_wins,"website","","web_form","website",0,1,"2024-09-24T00:00:00+00:00"
d19282f0-cb03-4031-8720-cbbdf01ffc86,chain_wins,"honeybook","","honeybook","honeybook",0,0,"2025-01-03T20:49:49+00:00"
4e6809fd-484f-42b2-aa22-2a32a68586f4,chain_wins,"honeybook","","honeybook","honeybook",0,0,"2025-01-03T20:08:06+00:00"
c4b384fa-f422-41bb-b771-93733278652f,chain_wins,"honeybook","","honeybook","honeybook",0,0,"2024-12-27T21:18:12+00:00"
ba3252d4-4a5f-4635-8226-dd16cc33fad4,chain_wins,"honeybook","","honeybook","honeybook",0,0,"2024-12-24T00:34:43+00:00"
b52d010f-16d0-4fc4-a3a9-ec5f50715b99,chain_wins,"honeybook","","honeybook","honeybook",0,0,"2024-09-23T12:20:34+00:00"
961d3388-236a-4e6c-b0ab-f91afc1adaa5,chain_wins,"website","","web_form","website",0,1,"2024-09-22T00:00:00+00:00"
ad76573c-9b03-4a84-8443-744ee05e57ad,chain_wins,"website","","web_form","website",0,1,"2024-09-20T00:00:00+00:00"
659f588d-8adc-4701-8f26-155b64b32ead,chain_wins,"website","","web_form","website",0,1,"2024-09-17T00:00:00+00:00"
63b66768-c682-400e-b394-33c8fd62727f,chain_wins,"website","","web_form","website",0,1,"2024-09-17T00:00:00+00:00"
fc35d729-323e-4f1b-8193-d038639fd711,chain_wins,"website","","web_form","website",0,1,"2024-09-16T00:00:00+00:00"
f68ba9ba-ac9e-4c39-8738-6362a791b03e,chain_wins,"website","","web_form","website",0,1,"2024-12-04T00:00:00+00:00"
694fbc76-012b-4b95-9296-22e0e67f27ed,chain_wins,"website","","web_form","website",0,1,"2024-12-04T00:00:00+00:00"
dbe0c352-d2af-49d7-8652-055859b62e21,chain_wins,"website","","web_form","website",0,1,"2024-11-22T00:00:00+00:00"
2cd9408b-d896-41af-9c6d-f2f5b66e6c73,chain_wins,"website","","web_form","website",0,1,"2024-11-18T00:00:00+00:00"
ba29056b-068a-4563-96ae-ed2435ed353c,chain_wins,"website","","web_form","website",0,1,"2024-11-16T00:00:00+00:00"
3aa55924-f7b5-4140-9107-81d81fe3047a,chain_wins,"website","","web_form","website",0,1,"2024-09-16T00:00:00+00:00"
0def241f-0558-4ff5-b05c-942e00816135,chain_wins,"website","","web_form","website",0,1,"2024-09-16T00:00:00+00:00"
69df51b7-12a6-4635-82e7-ef9bcc7e01cf,chain_wins,"website","","web_form","website",0,1,"2024-09-12T00:00:00+00:00"
224b729f-c234-4a2c-b9b7-c6847058f110,chain_wins,"website","","web_form","website",0,1,"2024-09-11T00:00:00+00:00"
b8cc7399-c6fa-4a24-8156-b836a0f62733,chain_wins,"website","","web_form","website",0,1,"2024-09-11T00:00:00+00:00"
deb2af75-f9ee-4689-b082-85a4d252dbbd,chain_wins,"honeybook","","honeybook","honeybook",0,0,"2024-12-03T09:15:02+00:00"
77fef8a7-2a1e-470f-bbae-842659e73d0a,chain_wins,"honeybook","","honeybook","honeybook",0,0,"2024-11-27T14:36:33+00:00"
335a992e-d3f8-480a-b65e-3ce224162185,chain_wins,"honeybook","","honeybook","honeybook",0,0,"2024-11-16T23:39:13+00:00"
054e3d99-298c-4698-a50c-a0ca7bde69ac,chain_wins,"website","","web_form","website",0,1,"2024-11-04T00:00:00+00:00"
9f2f83c6-5454-4de0-ad4f-068967f8f8a1,chain_wins,"website","","web_form","website",0,1,"2024-11-04T00:00:00+00:00"
a7c253ad-eb4b-4b4a-937d-f8cd43064baf,chain_wins,"website","","web_form","website",0,1,"2024-10-31T00:00:00+00:00"
85f99240-c97a-4f3d-a68e-ac47a43d20ff,chain_wins,"website","","web_form","website",0,1,"2024-09-07T00:00:00+00:00"
c88d08eb-da10-4751-8847-b3a2a0fdd32a,chain_wins,"website","","web_form","website",0,1,"2024-09-07T00:00:00+00:00"
97018cd2-8e87-4a7a-acba-6ed1a6da96d4,chain_wins,"website","","web_form","website",0,1,"2024-09-05T00:00:00+00:00"
b5b117cf-5057-4718-8064-8e9f786dba47,chain_wins,"honeybook","","honeybook","honeybook",0,0,"2024-10-30T22:12:53+00:00"
d1a2d653-2f6e-4925-96f5-42cdca0f4058,chain_wins,"honeybook","","honeybook","honeybook",0,0,"2024-10-28T12:12:25+00:00"
1594a263-f87d-489e-956b-4d787e41831f,chain_wins,"website","","web_form","website",0,1,"2024-09-04T00:00:00+00:00"
f41413e8-2a64-4121-aa24-81e4839c2e26,chain_wins,"website","","web_form","website",0,1,"2024-09-04T00:00:00+00:00"
3a5b6387-dbc2-42c2-9429-32a1750a9bfa,chain_wins,"website","","web_form","website",0,1,"2024-09-03T00:00:00+00:00"
72396d96-7f76-4e4a-bb6c-9938ddfc1b94,chain_wins,"website","","web_form","website",0,1,"2024-10-21T00:00:00+00:00"
2c739be1-1193-4e80-8548-09807234bc8b,chain_wins,"website","","web_form","website",0,1,"2024-10-21T00:00:00+00:00"
d11e1982-030d-4909-aaa1-72e7939ca597,chain_wins,"website","","web_form","website",0,1,"2024-09-25T00:00:00+00:00"
a7337b40-fef4-4984-9da8-baa8331fe90e,chain_wins,"website","","web_form","website",0,1,"2024-09-03T00:00:00+00:00"
43a85a16-99d8-4f68-b7ec-179abada4b8a,chain_wins,"website","","web_form","website",0,1,"2024-08-27T00:00:00+00:00"
ea880bb9-348e-4d12-9e41-c111754af8f8,chain_wins,"website","","web_form","website",0,1,"2024-08-21T00:00:00+00:00"
4a8ce0b3-227d-46ea-b1bf-be517d3b7fc7,chain_wins,"honeybook","","honeybook","honeybook",0,0,"2024-10-10T19:09:06+00:00"
9a1a1bed-b679-415d-9420-6d8b2c33a7f8,chain_wins,"honeybook","","honeybook","honeybook",0,0,"2024-10-10T16:38:39+00:00"
b28a8a9c-61d5-4e5c-83d7-2926ddc6d039,chain_wins,"honeybook","","honeybook","honeybook",0,0,"2024-10-04T11:14:51+00:00"
a4fcbd7f-81db-445b-9bc7-f308e5867098,chain_wins,"website","","web_form","website",0,1,"2024-08-21T00:00:00+00:00"
efd17f4f-4ec2-4a37-b8b6-d6b4ce8fa319,chain_wins,"website","","web_form","website",0,1,"2024-08-20T00:00:00+00:00"
5f641a29-41bf-4647-831a-f7fd8b9e1c11,chain_wins,"website","","web_form","website",0,1,"2024-08-19T00:00:00+00:00"
69b07314-276b-40f6-8ad8-ab28e7429f47,chain_wins,"website","","web_form","website",0,1,"2024-08-16T00:00:00+00:00"
15035fd2-7a1d-480d-9185-502a5fbfc3ac,chain_wins,"website","","web_form","website",0,1,"2024-09-25T00:00:00+00:00"
7990ae93-fed3-405b-99e9-5c62ecb7702d,chain_wins,"website","","web_form","website",0,1,"2024-09-25T00:00:00+00:00"
9939cf22-a762-4b49-bbf5-1f2de4e85a3f,chain_wins,"website","","web_form","website",0,1,"2024-09-21T00:00:00+00:00"
cd89d0b1-1799-4586-8276-ee4e29442f43,chain_wins,"website","","web_form","website",0,1,"2024-08-14T00:00:00+00:00"
609a316f-e6af-4b61-8f42-10639b3a93d7,chain_wins,"website","","web_form","website",0,1,"2024-08-14T00:00:00+00:00"
381a28aa-115b-4cd7-9ae3-e73b281183fb,chain_wins,"website","","web_form","website",0,1,"2024-08-13T00:00:00+00:00"
99fcedc1-f9ff-469a-9a12-819eff71dba0,both_null,"","","generic_csv","",0,0,"2024-09-11T14:43:00+00:00"
08728cc0-2631-4d8c-8c10-5cdd7eb735a3,chain_wins,"website","","web_form","website",0,1,"2024-08-09T00:00:00+00:00"
c6d43a7a-e07b-4350-b9c6-5147a0db8f76,chain_wins,"website","","web_form","website",0,1,"2024-08-09T00:00:00+00:00"
e96cd59e-bd17-404b-9508-ca25587d1553,chain_wins,"website","","web_form","website",0,1,"2024-08-08T00:00:00+00:00"
a6463950-906e-43bf-93d6-b31984b62a10,chain_wins,"website","","web_form","website",0,1,"2024-08-06T00:00:00+00:00"
0d85b076-223d-4d68-b72f-98e35f5e5691,chain_wins,"website","","web_form","website",0,1,"2024-08-05T00:00:00+00:00"
dd6396e0-ddd1-467a-9065-882548558a72,chain_wins,"website","","web_form","website",0,1,"2024-08-03T00:00:00+00:00"
b24ec258-7eff-476f-b3b4-49428d97f839,chain_wins,"website","","web_form","website",0,1,"2024-08-03T00:00:00+00:00"
a48af1c6-7ba2-4ff6-bd66-8ed43463b01a,chain_wins,"website","","web_form","website",0,1,"2024-08-02T00:00:00+00:00"
3d69b391-4022-4588-a3e9-994e9ca97dae,chain_wins,"website","","web_form","website",0,1,"2024-08-02T00:00:00+00:00"
8240d477-2884-48e6-ae55-c435497754ce,chain_wins,"website","","web_form","website",0,1,"2024-07-31T00:00:00+00:00"
a796f708-aebb-414b-9bf7-cf2b73121bda,chain_wins,"website","","web_form","website",0,1,"2024-07-30T00:00:00+00:00"
a7c1e850-217b-44cf-96f2-4dc5c335e2a9,chain_wins,"website","","web_form","website",0,1,"2024-07-29T00:00:00+00:00"
bca69845-93e1-4c0a-8825-adf058d29c11,chain_wins,"website","","web_form","website",0,1,"2024-07-29T00:00:00+00:00"
68febe93-fa18-493c-a037-c2b792f68781,chain_wins,"website","","web_form","website",0,1,"2024-08-22T00:00:00+00:00"
7f2aa454-99e1-4e11-81f7-862cfc5ef8ab,chain_wins,"website","","web_form","website",0,1,"2024-07-29T00:00:00+00:00"
15eefd37-0443-46bd-8727-7fe8493bbce6,chain_wins,"honeybook","","honeybook","honeybook",0,0,"2024-07-28T20:06:02+00:00"
94d54898-f446-4b23-af42-90b5cd96b6b5,chain_wins,"honeybook","","honeybook","honeybook",0,0,"2024-07-09T11:28:01+00:00"
d2126489-5f2f-4186-aa95-3904a12b5531,chain_wins,"website","","web_form","website",0,1,"2024-07-28T00:00:00+00:00"
bf4fdd59-1a3d-448e-af6a-4627f26d676a,chain_wins,"website","","web_form","website",0,1,"2024-07-27T00:00:00+00:00"
a4eb897e-3f4a-496d-9406-b4a6143db066,chain_wins,"website","","web_form","website",0,1,"2024-07-14T00:00:00+00:00"
1cbc5bf4-4393-4592-9953-600e84641806,chain_wins,"website","","web_form","website",0,1,"2024-07-13T00:00:00+00:00"
dea573ce-42ee-4d38-ab4e-77f652e4f022,chain_wins,"website","","web_form","website",0,1,"2024-07-09T00:00:00+00:00"
c9f88a3e-ef22-48a2-b2e6-51f87b08ade2,chain_wins,"website","","web_form","website",0,1,"2024-07-08T00:00:00+00:00"
81e8c87d-4b23-468e-bfc6-81305194b3d5,chain_wins,"website","","web_form","website",0,1,"2024-07-08T00:00:00+00:00"
cc2c01df-2419-4b58-ad7c-fc41a98de09a,chain_wins,"website","","web_form","website",0,1,"2024-07-04T00:00:00+00:00"
0689a470-31c1-4895-87f8-288c74e33a75,chain_wins,"website","","web_form","website",0,1,"2024-07-02T00:00:00+00:00"
8e28b60f-70f7-489a-add7-ce94621c8f27,chain_wins,"website","","web_form","website",0,1,"2024-07-02T00:00:00+00:00"
9ddbcc96-4f78-4532-921c-052803de56b9,chain_wins,"website","","web_form","website",0,1,"2024-07-01T00:00:00+00:00"
11d43136-54e3-42a8-b5fe-cd5f70de28d9,chain_wins,"website","","web_form","website",0,1,"2024-06-29T00:00:00+00:00"
ede2ffbb-3f82-4e41-a828-5f4e0e9e8200,chain_wins,"website","","web_form","website",0,1,"2024-06-28T00:00:00+00:00"
17449285-2d28-4adf-8ce5-096b90498347,chain_wins,"website","","web_form","website",0,1,"2024-06-26T00:00:00+00:00"
ad57f1e8-03e0-4298-9cdc-3289c6701742,chain_wins,"website","","web_form","website",0,1,"2024-06-26T00:00:00+00:00"
442ad8ee-8db4-45a6-85e2-64150776817c,chain_wins,"website","","web_form","website",0,1,"2024-06-25T00:00:00+00:00"
d31f5a9a-499c-468c-a1fb-0cc8eeb93801,chain_wins,"website","","web_form","website",0,1,"2024-06-18T00:00:00+00:00"
15d2113d-bba9-4a8c-890e-a6d2ed388d10,chain_wins,"website","","web_form","website",0,1,"2024-06-17T00:00:00+00:00"
ecdc1bc4-f7b1-4961-a233-4744a93d170d,chain_wins,"website","","web_form","website",0,1,"2024-06-13T00:00:00+00:00"
03b0d3ee-1219-415b-8793-9e2cbdfee340,chain_wins,"website","","web_form","website",0,1,"2024-07-18T00:00:00+00:00"
d70e2e8b-5225-42a6-89bd-805c541b38ba,chain_wins,"website","","web_form","website",0,1,"2024-07-14T00:00:00+00:00"
e63dad0a-f1f2-4952-909d-eb81adb4ce7b,chain_wins,"website","","web_form","website",0,1,"2024-07-11T00:00:00+00:00"
6dda0928-e512-439d-a119-1e0c6ad3a510,chain_wins,"website","","web_form","website",0,1,"2024-07-08T00:00:00+00:00"
7ef36316-2638-4d2e-b7fe-99489241a13e,chain_wins,"website","","web_form","website",0,1,"2024-06-12T00:00:00+00:00"
5f12b0fb-2ccd-4be0-8bce-d7a7fd7ad9b6,chain_wins,"website","","web_form","website",0,1,"2024-06-12T00:00:00+00:00"
26bf32d4-ab8e-49cb-ad17-d79ad7412d35,chain_wins,"website","","web_form","website",0,1,"2024-06-12T00:00:00+00:00"
a9264260-9c09-4dc2-86e9-5c621bf3a49d,chain_wins,"website","","web_form","website",0,1,"2024-06-12T00:00:00+00:00"
be6b42bb-c636-44d4-b8ae-a0d7745c34d0,chain_wins,"honeybook","","honeybook","honeybook",0,0,"2024-07-15T13:00:02+00:00"
a474a6cd-855d-4068-878f-702df184a93b,chain_wins,"honeybook","","honeybook","honeybook",0,0,"2024-06-11T20:37:49+00:00"
07f6daab-cd4e-4e5b-b8fc-cd99dd09834e,chain_wins,"website","","web_form","website",0,1,"2024-06-11T00:00:00+00:00"
c8fde088-d8ee-46f3-aafd-5eb741842a17,chain_wins,"website","","web_form","website",0,1,"2024-06-05T00:00:00+00:00"
e66c2d07-bbcd-4cc0-98b5-f095dd8bd783,chain_wins,"website","","web_form","website",0,1,"2024-06-05T00:00:00+00:00"
b712dd63-6b89-4fb7-957b-5215ae097012,chain_wins,"website","","web_form","website",0,1,"2024-06-03T00:00:00+00:00"
14160df5-8a7c-4017-9a32-bb8d7d4fc093,chain_wins,"website","","web_form","website",0,1,"2024-06-02T00:00:00+00:00"
e090efc8-2b9e-4d0c-9046-a82a8ab38bbe,chain_wins,"website","","web_form","website",0,1,"2024-06-02T00:00:00+00:00"
2b9e87b8-17c6-4a0b-9fe2-0c2f3127395f,chain_wins,"website","","web_form","website",0,1,"2026-01-15T00:00:00+00:00"
d1a44735-5320-4c11-b53a-7dba0298dcd1,chain_wins,"website","","web_form","website",0,1,"2024-07-26T00:00:00+00:00"
15207740-4330-418e-997e-f289b15a0ae8,chain_wins,"website","","web_form","website",0,1,"2024-06-02T00:00:00+00:00"
4e9bfce2-97d2-4162-9033-6386519b4899,chain_wins,"website","","web_form","website",0,1,"2024-05-31T00:00:00+00:00"
3c82b76a-41f2-4c12-8462-6bfe4bf8af4a,chain_wins,"website","","web_form","website",0,1,"2024-05-30T00:00:00+00:00"
7b5d606a-c9cd-44c3-8e40-81437433b2c8,chain_wins,"honeybook","","honeybook","honeybook",0,0,"2026-01-27T21:37:17+00:00"
83d0ef01-4273-4d66-8543-b25e869de5e1,chain_wins,"honeybook","","honeybook","honeybook",0,0,"2024-05-30T13:17:56+00:00"
ae026453-8fe8-4136-b7c9-a30e51d709eb,chain_wins,"honeybook","","honeybook","honeybook",0,0,"2024-05-23T21:04:35+00:00"
e92884f6-abb6-42a5-b388-b57c0fdbc05c,chain_wins,"honeybook","","honeybook","honeybook",0,0,"2024-05-20T16:10:34+00:00"
6d4249f2-9704-4f29-a03f-ce4e9ec04b31,chain_wins,"website","","web_form","website",0,1,"2024-05-28T00:00:00+00:00"
923def6e-1ee8-4cc6-b77b-af4b6cde9313,chain_wins,"website","","web_form","website",0,1,"2024-05-25T00:00:00+00:00"
63bdec6b-3d28-495f-ab86-dc0e54a7e882,chain_wins,"website","","web_form","website",0,1,"2024-05-24T00:00:00+00:00"
981d4a9f-6d59-4e70-834a-4b4dde34791a,chain_wins,"website","","web_form","website",0,1,"2024-05-19T00:00:00+00:00"
d4c8c3c5-d59a-42b5-8d29-e67f82e44c92,chain_wins,"website","","web_form","website",0,1,"2024-05-18T00:00:00+00:00"
e921dfa3-184d-4913-9818-7f6d5a8afa73,chain_wins,"website","","web_form","website",0,1,"2024-05-17T00:00:00+00:00"
6255ecef-446e-43b0-aec1-0fdce052b32e,chain_wins,"website","","web_form","website",0,1,"2024-05-14T00:00:00+00:00"
485a69ea-e50f-4d23-bef9-63606d792f82,chain_wins,"website","","web_form","website",0,1,"2024-05-12T00:00:00+00:00"
760fc272-e123-45f6-8a22-782ac6c0a143,chain_wins,"website","","web_form","website",0,1,"2024-05-11T00:00:00+00:00"
4f0a437e-02be-4295-9395-2264a202b397,chain_wins,"website","","web_form","website",0,1,"2024-05-11T00:00:00+00:00"
5e97529b-13de-41cd-b476-86cd32b222d0,chain_wins,"website","","web_form","website",0,1,"2024-05-03T00:00:00+00:00"
54f27a0f-54e2-4d9a-8eaa-e10705123939,chain_wins,"website","","web_form","website",0,1,"2024-05-02T00:00:00+00:00"
2d3e7e62-8952-47ba-91bf-eca5e6788625,chain_wins,"website","","web_form","website",0,1,"2024-04-28T00:00:00+00:00"
dc5eae3b-ca15-49dc-8a9a-9e5d44a617e3,chain_wins,"website","","web_form","website",0,1,"2024-04-28T00:00:00+00:00"
4f86710e-ae11-42d7-88a4-cef1924a9cce,chain_wins,"website","","web_form","website",0,1,"2024-04-27T00:00:00+00:00"